index,Unnamed: 0,Player Details,Player Details.1,Player Details.2,Player Details.3,Player Details.4,Receiving,Receiving.1,Receiving.2,Receiving.3,Receiving.4,Receiving.5,Receiving.6,Receiving.7,Receiving.8,Receiving.9,Receiving.10,Receiving.11,Receiving.12,Receiving.13,Receiving.14,Receiving.15,Receiving.16,Receiving.17,Receiving.18,Receiving.19,Receiving.20,Receiving.21,Receiving.22,Receiving.23,Receiving.24,Receiving.25,Advanced,Advanced.1,Advanced.2,Advanced.3,Advanced.4,Advanced.5,Advanced.6,Advanced.7,Advanced.8,Advanced.9,Advanced.10,Advanced.11,Advanced.12,Advanced.13,Advanced.14,Advanced.15,Advanced.16,Advanced.17,Advanced.18,Advanced.19,Advanced.20,Advanced.21,Alignment,Alignment.1,Alignment.2,Alignment.3,FP,FP.1,FP.2,FP.3,FP.4,FP.5,FP.6,FP.7
0,Season,Rank,Name,Team,POS,G,SNAP %,RTE,RTE %,TGT,TGT %,YPRR,TPRR,aDOT,AY,AY Share,YDS,TM YDS %,YPT,YPR,REC,CR %,YAC,YAC/REC,YACO,YACO/REC,TD,XTD,TM TD %,i20 TGT,EZTGT,EZTD,1D,1D/RR,RATE,1READ,1READ %,DESIGN,DESIGN %,CTGT,CTGT %,DEEP,EXP %,DRP,DRP %,CT,CC,CC %,HERO,MTF,MTF/REC,THREAT %,YPTOE,EPA/TGT,WIDE RTE %,SLOT RTE %,INLINE RTE %,BACK RTE %,FP,XFP,FP/G,XFP/G,DIFF,FP/RR,XFP/RR,RecXFP
1,2026,,League Avg,,,,47.49386503067483,15.92638036809816,41.795398773006134,3.088957055214724,8.980368098159511,1.46,0.19,5.920092024539877,25.533742331288344,9.756441717791413,23.32515337423313,9.86503067484663,7.55,11,2.1196319018404908,68.6,11.171779141104295,5.27,3.726993865030675,1.76,0.17484662576687116,0.16006134969325156,8.382515337423314,0.4601226993865031,0.2085889570552147,0.09815950920245399,1.165644171779141,0.073,69.22392638036793,2.263803680981595,9.750613496932518,0.2668711656441718,8.6,2.4662576687116564,79.8,0.3128834355828221,15.5,0.15337423312883436,5,0.4754601226993865,0.2361963190184049,49.7,0.049079754601226995,0.2883435582822086,0.14,20.1,-0.17,0.247,33.49294478527607,28.299079754601227,17.334969325153374,20.874233128834355,6.765950920245396,6.79325153374233,6.765950920245396,6.79628834355828,-0.030337423312883305,0.35,0.34,5.395092024539873
2,2026,1,Drake London,ATL,WR,1,92.4,21,84,10,40,9.24,0.48,9.6,96,61.5,194,75.8,19.4,21.56,9,90,113,12.56,35,3.89,0,0.19,0,0,0,0,5,0.238,118.8,10,50,2,20,9,90,1,33.3,0,0,1,1,100,0,1,0.11,43.5,11.1,1.226,76.2,23.8,0,0,28.4,21.3,28.4,21.27,7.13,1.35,1.01,21.3
3,2026,2,Davante Adams,LA,WR,1,82.9,50,83.3,13,23.6,2.74,0.26,16.38,213,42.9,137,35.1,10.54,19.57,7,53.8,53,7.57,5,0.71,0,0.05,0,1,1,0,4,0.08,58.8,11,31.4,0,0,8,61.5,3,42.9,1,7.7,0,0,0,0,2,0.29,28.9,0.67,0.388,82,18,0,0,20.7,18.5,20.7,18.49,2.21,0.41,0.37,18.5
4,2026,3,Jaxon Smith-Njigba,SEA,WR,1,85.9,40,85.1,12,26.1,3.2,0.3,11.83,142,50.5,128,32.6,10.67,12.8,10,83.3,10,1,3,0.3,2,1.38,50,2,2,2,9,0.225,150.7,11,35.5,1,8.3,12,100,2,25,1,8.3,3,2,66.7,0,0,0,30,1.97,0.833,82.5,17.5,0,0,35.4,34,35.36,33.98,1.38,0.87,0.84,33.7
5,2026,4,Brock Bowers,LV,TE,1,79.4,35,94.6,12,36.4,3.31,0.34,9,108,41.7,116,46.8,9.67,11.6,10,83.3,31,3.1,18,1.8,1,0.87,33.3,3,2,1,7,0.2,134.7,11,50,0,0,10,83.3,0,11.1,0,0,3,3,100,0,0,0,42.9,1.57,0.857,34.3,42.9,20,2.9,27.6,22.9,27.6,22.91,4.69,0.79,0.65,22.9
6,2026,5,CeeDee Lamb,DAL,WR,1,83.1,38,84.4,8,20,2.95,0.21,10.63,85,29.5,112,40.6,14,16,7,87.5,39,5.57,7,1,0,0.05,0,0,0,0,5,0.132,118.8,7,26.9,1,12.5,8,100,1,14.3,0,0,1,0,0,0,0,0,25,6.22,1.252,68.4,31.6,0,0,20.2,17.9,20.2,17.92,2.28,0.48,0.47,17.9
7,2026,6,Chris Olave,NO,WR,1,83.3,40,88.9,12,28.6,2.67,0.3,9.25,111,37.2,107,42,8.92,11.89,9,75,32,3.56,5,0.56,0,0.66,0,2,0,0,7,0.175,101.7,8,29.6,1,8.3,10,83.3,1,0,0,0,3,2,66.7,0,1,0.11,35.3,0.87,0.713,55,45,0,0,19.7,21.6,19.7,21.63,-1.93,0.49,0.54,21.6
8,2026,7,Garrett Wilson,NYJ,WR,1,93.4,43,97.7,14,37.8,2.49,0.33,13.36,187,57.9,107,33.3,7.64,10.7,10,71.4,19,1.9,2,0.2,1,0.55,33.3,0,1,0,6,0.14,117.3,13,48.1,1,7.1,13,92.9,3,20,0,0,8,5,62.5,2,0,0,37.8,-0.85,0.507,67.4,32.6,0,0,26.7,24.4,26.7,24.38,2.32,0.62,0.57,24.4
9,2026,8,Kenyon Sadiq,NYJ,TE,1,55.7,25,56.8,8,21.6,4.2,0.32,9.63,77,23.8,105,32.7,13.13,15,7,87.5,48,6.86,1,0.14,1,0.35,33.3,0,1,1,4,0.16,158.3,5,18.5,0,0,8,100,2,28.6,0,0,3,2,66.7,1,0,0,34.8,5.3,0.811,16,48,32,4,23.5,16.6,23.5,16.63,6.87,0.94,0.67,16.6
10,2026,9,Matthew Golden,GB,WR,1,81,44,81.5,11,20.8,2.27,0.25,16.45,181,46.6,100,32.1,9.09,20,5,45.5,31,6.2,5,1,1,1.16,50,1,1,1,4,0.091,108.1,10,25.6,0,0,7,63.6,4,50,1,9.1,1,0,0,0,1,0.2,28.9,-0.68,0.554,79.5,18.2,0,2.3,21,23.8,21,23.75,-2.75,0.48,0.54,23.8
11,2026,10,Ja'Marr Chase,CIN,WR,1,100,40,100,12,32.4,2.45,0.3,8.5,102,39.7,98,34.8,8.17,10.89,9,75,25,2.78,7,0.78,1,0.88,33.3,2,1,1,6,0.15,126.4,12,46.2,0,0,9,75,0,14.3,0,0,1,0,0,0,3,0.33,32.4,0.6,0.775,77.5,20,0,2.5,24.8,22.2,24.8,22.17,2.63,0.62,0.55,22.2
12,2026,11,Christian Watson,GB,WR,1,81,42,77.8,10,18.9,2.29,0.24,9.9,99,25.5,96,30.8,9.6,13.71,7,70,28,4,17,2.43,1,1.02,50,3,2,1,5,0.119,133.7,9,23.1,0,0,8,80,0,40,0,0,3,2,66.7,0,0,0,24.4,1.4,0.197,83.3,14.3,2.4,0,22.6,20.8,22.6,20.84,1.76,0.54,0.5,20.8
13,2026,12,Konata Mumpfield,LA,WR,1,72,42,70,8,14.5,2.21,0.19,16.63,133,26.8,93,23.8,11.63,23.25,4,50,23,5.75,2,0.5,1,0.16,50,1,0,0,3,0.071,131.8,6,17.1,1,12.5,5,62.5,2,50,1,12.5,1,1,100,0,0,0,21.6,1.56,0.886,66.7,33.3,0,0,19.3,13.4,19.3,13.4,5.9,0.46,0.32,13.4
14,2026,13,Kalif Raymond,CHI,WR,1,73.9,23,65.7,6,17.6,3.91,0.26,8,48,23.9,90,36.4,15,15,6,100,42,7,4,0.67,1,0.09,50,1,0,0,4,0.174,158.3,6,20.7,0,0,6,100,0,16.7,0,0,0,0,0,0,0,0,25,7.55,1.268,56.5,43.5,0,0,21,12.7,21,12.66,8.34,0.91,0.55,12.7
15,2026,14,Tee Higgins,CIN,WR,1,92.9,38,95,7,18.9,2.37,0.18,13.43,94,36.6,90,31.9,12.86,15,6,85.7,7,1.17,4,0.67,1,0.43,33.3,1,1,1,4,0.105,158.3,6,23.1,0,0,6,85.7,1,16.7,0,0,2,1,50,1,0,0,19.4,4.59,1.412,94.7,5.3,0,0,21,15.8,21,15.79,5.21,0.55,0.42,15.8
16,2026,15,Jordan Addison,MIN,WR,1,98.2,33,97.1,8,27.6,2.73,0.24,19.5,156,69.6,90,53.6,11.25,18,5,62.5,10,2,4,0.8,1,0.8,100,0,0,0,3,0.091,140.6,8,38.1,1,12.5,6,75,4,40,1,12.5,2,1,50,0,2,0.4,34.8,1.55,0.627,78.8,21.2,0,0,20,20.5,20,20.54,-0.54,0.61,0.62,20.5
17,2026,16,Michael Wilson,ARZ,WR,1,93.8,52,96.3,16,30.8,1.71,0.31,9.63,154,50.3,89,31.8,5.56,8.09,11,68.8,28,2.55,5,0.45,1,1.18,50,4,2,0,7,0.135,103.4,15,45.5,3,18.8,14,87.5,1,0,0,0,2,0,0,1,0,0,34.8,-2.88,0.41,88.5,11.5,0,0,25.9,31.2,25.9,31.24,-5.34,0.5,0.6,31.2
18,2026,17,Rashee Rice,KC,WR,1,75.5,18,72,9,37.5,4.89,0.5,7.33,66,43.7,88,35.8,9.78,12.57,7,77.8,55,7.86,10,1.43,0,0.36,0,2,0,0,2,0.111,67.8,7,38.9,2,22.2,8,88.9,0,20,0,0,0,0,0,0,1,0.14,47.4,2.08,0.026,66.7,33.3,0,0,15.8,18.4,15.8,18.45,-2.65,0.88,1.02,18.4
19,2026,18,Mack Hollins,NE,WR,1,76.7,24,64.9,8,25.8,3.63,0.33,12.63,101,33,87,35.5,10.88,14.5,6,75,24,4,5,0.83,0,0.56,0,2,1,0,3,0.125,109.9,6,30,0,0,7,87.5,1,20,1,12.5,2,2,100,0,1,0.17,38.1,2.01,0.684,70.8,29.2,0,0,14.7,16.1,14.7,16.07,-1.37,0.61,0.67,16.1
20,2026,19,Zay Flowers,BLT,WR,1,29.3,14,63.6,6,30,6,0.43,9,54,28.4,84,45.2,14,16.8,5,83.3,35,7,10,2,0,0.39,0,2,0,0,5,0.357,118.8,6,42.9,0,0,6,100,1,50,1,16.7,0,0,0,0,1,0.2,50,6.24,1.103,14.3,85.7,0,0,15.4,15.3,15.4,15.31,0.09,0.96,1.05,14.7
21,2026,20,Brycen Tremayne,CAR,WR,1,81.1,39,76.5,6,12.5,2.13,0.15,18.17,109,31.1,83,28.5,13.83,20.75,4,66.7,12,3,30,7.5,0,0.11,0,0,0,0,4,0.103,109.7,5,18.5,0,0,4,66.7,3,50,0,0,1,1,100,0,0,0,18.2,3.85,0.829,64.1,35.9,0,0,12.3,11.1,12.3,11.08,1.22,0.32,0.28,11.1
22,2026,21,George Kittle,SF,TE,1,86,25,89.3,7,25.9,3.28,0.28,7.71,54,21.2,82,37.8,11.71,13.67,6,85.7,32,5.33,7,1.17,2,1.16,66.7,2,0,0,6,0.24,155.1,6,35.3,0,0,6,85.7,0,20,0,0,1,1,100,0,1,0.17,31.8,4.28,1.46,12,20,68,0,26.2,17,26.2,17,9.2,1.05,0.68,17
23,2026,22,George Pickens,DAL,WR,1,84.5,39,86.7,10,25,2.1,0.26,8.2,82,28.5,82,29.7,8.2,11.71,7,70,22,3.14,13,1.86,0,0.62,0,1,1,0,4,0.103,94.6,9,34.6,1,10,8,80,0,0,0,0,3,2,66.7,0,2,0.29,29.4,0.5,0.598,89.7,10.3,0,0,15.2,16.6,15.2,16.6,-1.4,0.39,0.43,16.6
24,2026,23,Deebo Samuel,SF,WR,1,76,20,71.4,0,0,4,0,,0,0,80,36.9,,,0,,0,,0,,1,0,33.3,0,0,0,0,0,,0,0,0,,0,,0,,0,,0,0,,0,0,,0,,,45,50,0,5,15.4,1,15.4,1.05,14.35,0.7,0,0
25,2026,24,Terry McLaurin,WAS,WR,1,80,32,91.4,9,29,2.41,0.28,11.33,102,44,77,42.1,8.56,12.83,6,66.7,10,1.67,5,0.83,1,0.44,33.3,0,0,0,5,0.156,130.3,8,36.4,0,0,8,88.9,1,16.7,0,0,4,2,50,0,0,0,33.3,0.23,0.574,65.6,34.4,0,0,19.7,16.2,19.7,16.24,3.46,0.62,0.51,16.2
26,2026,25,Josh Downs,IND,WR,1,67.6,33,80.5,11,30.6,2.33,0.33,15.27,168,61.5,77,32.8,7,15.4,5,45.5,25,5,9,1.8,0,0.09,0,2,1,0,4,0.121,31.2,10,34.5,0,0,6,54.5,2,25,0,0,2,1,50,0,1,0.2,40.7,-2.36,0.138,27.3,66.7,0,6.1,12.7,13,12.7,13.01,-0.31,0.38,0.39,13
27,2026,26,Tre Harris,LAC,WR,1,60.9,24,63.2,7,20.6,3.17,0.29,8.14,57,20.5,76,33.6,10.86,12.67,6,85.7,32,5.33,5,0.83,0,0.46,0,3,0,0,3,0.125,111.9,5,23.8,0,0,7,100,0,66.7,0,0,2,1,50,0,1,0.17,33.3,3.22,0.428,58.3,41.7,0,0,13.6,14.6,13.6,14.56,-0.96,0.57,0.61,14.6
28,2026,27,Trey McBride,ARZ,TE,1,90.1,44,81.5,9,17.3,1.7,0.2,6.33,57,18.6,75,26.8,8.33,8.33,9,100,18,2,11,1.22,0,0.8,0,2,1,0,3,0.068,101.4,6,18.2,0,0,9,100,0,0,0,0,1,1,100,0,2,0.22,20.9,0.93,0.764,6.8,52.3,38.6,2.3,16.5,19.9,16.5,19.91,-3.41,0.38,0.45,19.9
29,2026,28,Kyren Williams,LA,RB,1,70.7,25,41.7,7,12.7,2.8,0.28,6.29,44,8.9,70,17.9,10,11.67,6,85.7,31,5.17,5,0.83,0,0.08,0,0,0,0,4,0.16,68.8,5,14.3,1,14.3,6,85.7,0,16.7,0,0,0,0,0,1,0,0,20,2.38,-0.712,4,16,0,80,21.8,20.5,21.8,20.48,1.32,0.52,0.5,12.6
30,2026,29,AJ Barner,SEA,TE,1,89.1,33,70.2,9,19.6,2.09,0.27,1.67,15,5.3,69,17.6,7.67,13.8,5,55.6,70,14,34,6.8,0,1.27,0,4,2,0,3,0.091,40.7,7,22.6,2,22.2,8,88.9,0,25,1,11.1,3,0,0,0,2,0.4,22.5,1.68,-0.932,12.1,12.1,72.7,3,11.9,18,11.9,18,-6.1,0.36,0.55,18
31,2026,30,DJ Moore,BUF,WR,1,65.1,22,71,10,38.5,3.05,0.45,13,130,52.4,67,32.8,6.7,11.17,6,60,25,4.17,2,0.33,0,0.09,0,2,1,0,4,0.182,40.4,4,33.3,0,0,7,70,1,0,0,0,1,0,0,0,3,0.5,50,-1.85,-0.144,68.2,31.8,0,0,12.7,14.2,12.7,14.23,-1.53,0.58,0.65,14.2
32,2026,31,Darnell Washington,PIT,TE,1,74.6,18,48.6,4,11.8,3.72,0.22,4,16,4.6,67,22.9,16.75,22.33,3,75,56,18.67,52,17.33,0,0.01,0,0,0,0,2,0.111,116.7,4,19,0,0,3,75,0,33.3,0,0,0,0,0,0,2,0.67,18.2,10.41,1.01,5.6,11.1,77.8,5.6,9.7,5.3,9.7,5.28,4.42,0.54,0.29,5.3
33,2026,32,Chris Bell,MIA,WR,1,71.6,27,64.3,6,16.7,2.48,0.22,13.5,81,24.9,67,31.9,11.17,16.75,4,66.7,36,9,10,2.5,0,0.01,0,0,0,0,3,0.111,104.2,5,17.2,0,0,4,66.7,1,25,0,0,2,2,100,0,1,0.25,26.1,2.28,0.655,74.1,25.9,0,0,10.7,6.4,10.7,6.43,4.27,0.4,0.24,6.4
34,2026,33,Ladd McConkey,LAC,WR,1,87.5,32,84.2,5,14.7,2.06,0.16,14.6,73,26.3,66,29.2,13.2,16.5,4,80,15,3.75,2,0.5,0,0.16,0,0,0,0,3,0.094,118.8,4,19,0,0,4,80,2,25,0,0,0,0,0,1,2,0.5,20,3.61,0.998,62.5,37.5,0,0,10.6,10.6,10.6,10.62,-0.02,0.33,0.33,10.6
35,2026,34,Isaac TeSlaa,DET,WR,1,46.9,19,52.8,3,9.4,3.47,0.16,9,27,13.2,66,24.5,22,22,3,100,39,13,3,1,0,0.29,0,1,0,0,3,0.158,118.8,2,10,0,0,3,100,0,50,0,0,0,0,0,0,2,0.67,16.7,14.09,2.098,52.6,47.4,0,0,9.6,8.1,9.6,8.12,1.48,0.51,0.43,8.1
36,2026,35,DeVonta Smith,PHI,WR,1,100,29,93.5,8,30.8,2.24,0.28,5.63,45,26.6,65,42.5,8.13,10.83,6,75,27,4.5,9,1.5,0,0.21,0,1,0,0,2,0.069,58.9,7,41.2,1,12.5,6,75,1,20,0,0,3,3,100,1,0,0,32,1.68,-0.099,75.9,20.7,0,3.4,12.5,9.6,12.5,9.59,2.91,0.43,0.33,9.6
37,2026,36,Jahmyr Gibbs,DET,RB,1,70.3,20,55.6,8,25,3.25,0.4,0.75,6,2.9,65,24.2,8.13,9.29,7,87.5,56,8,10,1.43,1,0.22,50,3,0,0,4,0.2,140.1,5,25,1,12.5,8,100,0,0,1,12.5,0,0,0,0,1,0.14,40,1.91,0.73,15,15,0,70,41.4,29.7,41.4,29.72,11.68,0.97,0.7,14
38,2026,37,Jakobi Meyers,JAX,WR,1,78.3,26,81.3,8,27.6,2.46,0.31,8.86,62,40,64,35.2,8,9.14,7,87.5,10,1.43,5,0.71,1,0.89,33.3,2,1,1,5,0.192,139.6,8,40,1,12.5,7,87.5,0,0,0,0,1,1,100,0,0,0,34.8,1.15,1.043,65.4,34.6,0,0,19.4,18.3,19.4,18.34,1.06,0.75,0.71,18.3
39,2026,38,Keenan Allen,IND,WR,1,70.4,29,70.7,9,25,2.17,0.31,7.89,71,26,63,26.8,7,10.5,6,66.7,20,3.33,31,5.17,1,0.39,100,2,0,0,3,0.103,123.8,9,31,0,0,7,77.8,0,40,0,0,3,1,33.3,0,0,0,36,-0.59,0.591,48.3,44.8,3.4,3.4,18.3,15,18.3,15.05,3.25,0.63,0.52,15
40,2026,39,Tyler Higbee,LA,TE,1,73.2,43,71.7,11,20,1.44,0.26,6.91,76,15.3,62,15.9,5.64,7.75,8,72.7,20,2.5,4,0.5,1,0.56,50,2,0,0,6,0.14,116.5,8,22.9,0,0,8,72.7,0,0,0,0,0,0,0,1,0,0,28.9,-2,0.169,14,48.8,37.2,0,20.2,16.9,20.2,16.86,3.34,0.47,0.39,16.9
41,2026,40,Emeka Egbuka,TB,WR,1,71.9,35,76.1,9,24.3,1.77,0.26,9.89,89,23.4,62,28.6,6.89,12.4,5,55.6,21,4.2,9,1.8,0,0.02,0,0,0,0,2,0.057,77.1,8,32,0,0,5,55.6,0,20,0,0,1,1,100,0,1,0.2,33.3,-1.28,-0.053,65.7,34.3,0,0,11.2,10.1,11.2,10.06,1.14,0.32,0.29,10.1
42,2026,41,Luther Burden,CHI,WR,1,62.3,27,77.1,11,32.4,2.26,0.41,4.55,50,24.9,61,24.7,5.55,8.71,7,63.6,31,4.43,13,1.86,1,0.25,50,4,1,0,3,0.111,108.5,10,34.5,2,18.2,9,81.8,0,20,0,0,3,1,33.3,0,2,0.29,42.3,-0.93,-0.097,44.4,55.6,0,0,19.8,16.3,19.8,16.29,3.51,0.71,0.58,15.5
43,2026,42,Roman Wilson,PIT,WR,1,39,18,48.6,7,20.6,3.33,0.39,20.14,141,40.3,60,20.5,8.57,20,3,42.9,13,4.33,0,0,1,0.21,33.3,0,0,0,2,0.111,73.5,4,19,1,14.3,4,57.1,2,33.3,1,14.3,2,0,0,0,0,0,43.8,-1.82,0.336,50,50,0,0,15,11.3,15,11.35,3.65,0.83,0.63,11.3
44,2026,43,Jordan Watkins,SF,WR,1,26,8,28.6,2,7.4,7.5,0.25,16.5,33,12.9,60,27.6,30,30,2,100,27,13.5,6,3,0,0.01,0,0,0,0,2,0.25,118.8,2,11.8,0,0,2,100,0,100,0,0,0,0,0,0,0,0,28.6,19.35,2.215,62.5,37.5,0,0,8,5.6,8,5.62,2.38,1,0.7,5.6
45,2026,44,Travis Kelce,KC,TE,1,77.6,18,72,2,8.3,3.28,0.11,18.5,37,24.5,59,24,29.5,29.5,2,100,27,13.5,4,2,1,0.81,50,1,1,1,2,0.111,158.3,2,11.1,0,0,2,100,1,100,0,0,0,0,0,0,0,0,10,17.92,3.258,16.7,11.1,72.2,0,13.9,10,13.9,10.05,3.85,0.77,0.56,10
46,2026,45,Carnell Tate,TEN,WR,1,87.7,33,91.7,9,25,1.76,0.27,10.44,94,40,58,32,6.44,9.67,6,66.7,16,2.67,6,1,0,0.06,0,1,1,0,3,0.091,84.5,8,32,0,0,6,66.7,1,16.7,0,0,1,1,100,0,0,0,26.5,-1.53,0.186,72.7,27.3,0,0,11.8,11.3,11.8,11.33,0.47,0.36,0.34,11.3
47,2026,46,Wan'Dale Robinson,TEN,WR,1,63.2,29,80.6,11,30.6,1.97,0.38,5.82,64,27.2,57,31.5,5.18,8.14,7,63.6,35,5,9,1.29,1,0.92,100,3,1,1,4,0.138,107,11,44,1,9.1,10,90.9,1,0,2,18.2,5,2,40,0,0,0,39.3,-1.28,-0.017,31,69,0,0,18.7,19.8,18.7,19.82,-1.12,0.64,0.68,19.8
48,2026,47,Cade Otton,TB,TE,1,95.3,39,84.8,6,16.2,1.44,0.15,8.67,52,13.6,56,25.8,9.33,18.67,3,50,42,14,12,4,0,0.02,0,0,0,0,2,0.051,82.6,5,20,0,0,4,66.7,0,33.3,1,16.7,2,0,0,0,1,0.33,17.6,0.79,0.591,10.3,59,28.2,2.6,8.6,7.3,8.6,7.32,1.28,0.22,0.19,7.3
49,2026,48,Malik Washington,MIA,WR,1,88.1,35,83.3,10,27.8,1.6,0.29,9.5,95,29.2,56,26.7,5.6,11.2,5,50,48,9.6,32,6.4,0,0.07,0,1,1,0,2,0.057,67.1,9,31,3,30,6,60,2,25,0,0,1,0,0,0,1,0.2,34.5,-2.16,-0.353,37.1,57.1,0,5.7,11.1,10.8,11.1,10.81,0.29,0.3,0.28,9.8
50,2026,49,Greg Dulcich,MIA,TE,1,67.2,24,57.1,6,16.7,2.29,0.25,9.67,58,17.8,55,26.2,9.17,11,5,83.3,22,4.4,6,1.2,0,0.08,0,1,0,0,1,0.042,104.9,6,20.7,3,50,5,83.3,2,25,0,0,1,1,100,1,0,0,25,1.94,0.396,12.5,16.7,70.8,0,10.5,9.1,10.5,9.14,1.36,0.44,0.38,9.1
51,2026,50,Tyler Warren,IND,TE,1,95.8,36,87.8,10,27.8,1.53,0.28,2.9,29,10.6,55,23.4,5.5,6.11,9,90,37,4.11,14,1.56,0,0.07,0,0,0,0,2,0.056,89.6,7,24.1,2,20,10,100,0,0,1,10,2,2,100,0,0,0,28.6,-1.7,0.194,33.3,25,41.7,0,14.7,17.1,14.7,17.14,-2.44,0.4,0.47,16.8
52,2026,51,Juwan Johnson,NO,TE,1,59.7,29,64.4,8,19,1.83,0.28,2.38,19,6.4,53,20.8,6.63,6.63,8,100,38,4.75,16,2,2,1.88,50,2,2,2,5,0.172,133.9,7,25.9,0,0,8,100,0,16.7,0,0,2,2,100,0,1,0.13,28.6,0.56,0.234,20.7,31,48.3,0,24.3,21.9,24.3,21.92,2.38,0.87,0.76,21.9
53,2026,52,Darren Waller,CAR,TE,1,48.6,28,54.9,7,14.6,1.82,0.25,6.57,46,13.1,51,17.5,7.29,10.2,5,71.4,15,3,4,0.8,0,0.03,0,0,0,0,3,0.107,92,3,11.1,0,0,6,85.7,0,0,1,14.3,1,1,100,0,0,0,30.4,0.13,-0.252,28.6,53.6,17.9,0,10.1,11,10.1,11.01,-0.91,0.36,0.39,11
54,2026,53,Xavier Hutchinson,HST,WR,1,52.9,20,64.5,5,18.5,2.55,0.25,19,95,29.7,51,30.5,10.2,17,3,60,27,9,27,9,0,0.12,0,0,0,0,2,0.1,94.6,3,16.7,0,0,4,80,2,33.3,0,0,1,1,100,1,1,0.33,33.3,0.27,0.251,50,50,0,0,8.5,11.3,8.5,11.28,-2.78,0.4,0.51,10.3
55,2026,54,Harold Fannin,CLV,TE,1,87.3,31,81.6,9,29,1.65,0.29,8.78,79,46.2,51,35.4,5.67,7.29,7,77.8,25,3.57,9,1.29,2,1.65,100,2,2,2,3,0.097,129.9,5,26.3,0,0,8,88.9,1,0,1,11.1,1,0,0,0,1,0.14,36,-1.61,0.802,3.2,35.5,61.3,0,24.1,22.4,24.1,22.41,1.69,0.78,0.72,22.4
56,2026,55,Ty Johnson,BUF,RB,1,25.4,13,41.9,4,15.4,3.85,0.31,-0.5,-2,-0.8,50,24.5,12.5,12.5,4,100,52,13,2,0.5,0,0.13,0,0,0,0,3,0.231,118.8,2,16.7,2,50,4,100,0,25,0,0,0,0,0,0,1,0.25,30.8,6.33,1.443,0,0,7.7,92.3,9,7.2,9,7.24,1.76,0.69,0.56,7.2
57,2026,56,Jaylen Warren,PIT,RB,1,89.8,25,67.6,4,11.8,1.96,0.16,-1,-4,-1.1,49,16.8,12.25,16.33,3,75,56,18.67,6,2,0,0.07,0,1,0,0,2,0.08,115.6,2,9.5,2,50,3,75,0,50,0,0,0,0,0,0,1,0.33,13.3,6.22,0.553,8,0,4,88,20.6,13.7,20.6,13.72,6.88,0.32,0.2,5
58,2026,57,Jameson Williams,DET,WR,1,81.3,28,77.8,4,12.5,1.75,0.14,12,48,23.5,49,18.2,12.25,12.25,4,100,1,0.25,0,0,0,0.06,0,0,0,0,2,0.071,117.7,4,20,0,0,4,100,1,25,0,0,0,0,0,1,0,0,16,3.46,0.837,82.1,17.9,0,0,8.9,10.1,8.9,10.09,-1.19,0.32,0.36,10.1
59,2026,58,Romeo Doubs,NE,WR,1,73.3,25,67.6,4,12.9,1.96,0.16,12.25,49,16,49,20,12.25,16.33,3,75,13,4.33,6,2,0,0.03,0,1,0,0,2,0.08,115.6,2,10,0,0,3,75,0,66.7,0,0,2,2,100,0,0,0,18.2,2.61,0.785,92,8,0,0,7.9,5.9,7.9,5.88,2.02,0.32,0.24,5.9
60,2026,59,George Holani,SEA,RB,1,37.5,13,27.7,5,10.9,3.69,0.38,-2,-10,-3.6,48,12.2,9.6,9.6,5,100,58,11.6,21,4.2,0,0.02,0,0,0,0,2,0.154,106.7,2,6.5,2,40,5,100,0,0,0,0,0,0,0,0,2,0.4,29.4,3.83,0.458,0,0,0,100,10.8,11.9,10.8,11.9,-1.1,0.75,0.61,7.9
61,2026,60,Tory Horton,SEA,WR,1,21.9,9,19.1,3,6.5,5.33,0.33,15,45,16,48,12.2,16,16,3,100,3,1,1,0.33,0,0.2,0,0,0,0,3,0.333,118.8,3,9.7,0,0,3,100,0,0,0,0,1,1,100,0,0,0,33.3,5.73,1.195,77.8,22.2,0,0,7.8,8.2,7.8,8.21,-0.41,0.87,0.91,8.2
62,2026,61,Cooper Kupp,SEA,WR,1,68.8,31,66,5,10.9,1.48,0.16,6.8,34,12.1,46,11.7,9.2,11.5,4,80,24,6,3,0.75,1,0.98,25,1,1,1,3,0.097,144.6,4,12.9,0,0,5,100,0,0,0,0,1,0,0,0,1,0.25,15.2,1.9,0.725,61.3,35.5,0,3.2,14.6,14.4,14.6,14.36,0.24,0.47,0.46,14.4
63,2026,62,Courtland Sutton,DEN,WR,1,86.7,30,85.7,6,17.6,1.53,0.2,12.83,77,41.4,46,24.7,7.67,15.33,3,50,15,5,3,1,0,0.07,0,3,2,0,3,0.1,75.7,5,31.3,0,0,3,50,2,33.3,0,0,0,0,0,0,1,0.33,22.2,-1.01,0.614,76.7,23.3,0,0,7.6,7.1,7.6,7.13,0.47,0.25,0.24,7.1
64,2026,63,Sam LaPorta,DET,TE,1,92.2,29,80.6,4,12.5,1.52,0.14,12,48,23.5,44,16.4,11,14.67,3,75,14,4.67,6,2,0,0.79,0,1,1,0,1,0.034,110.4,2,10,0,0,4,100,0,33.3,0,0,1,0,0,0,0,0,14.3,1.71,0.262,17.2,20.7,58.6,3.4,7.4,12.9,7.4,12.85,-5.45,0.26,0.44,12.9
65,2026,64,Rome Odunze,CHI,WR,1,85.5,26,74.3,6,17.6,1.69,0.23,15.83,95,47.3,44,17.8,7.33,14.67,3,50,0,0,0,0,0,1.09,0,2,1,0,2,0.077,74.3,5,17.2,0,0,4,66.7,2,50,1,16.7,1,1,100,0,0,0,20,-1.73,-0.214,73.1,26.9,0,0,7.4,14.8,7.4,14.83,-7.43,0.28,0.57,14.8
66,2026,65,Pat Bryant,DEN,WR,1,66.7,25,71.4,2,5.9,1.76,0.08,13.5,27,14.5,44,23.7,22,22,2,100,25,12.5,2,1,1,0.83,50,1,1,1,2,0.08,158.3,1,6.3,0,0,2,100,0,100,0,0,0,0,0,0,1,0.5,10,12.64,2.702,44,56,0,0,14.4,8.8,14.4,8.82,5.58,0.5,0.35,8.8
67,2026,66,Tre Tucker,LV,WR,1,57.1,27,73,4,12.1,1.59,0.15,8.25,33,12.7,43,17.3,10.75,10.75,4,100,10,2.5,4,1,0,0.35,0,0,0,0,2,0.074,111.5,3,13.6,0,0,4,100,0,0,0,0,1,1,100,0,0,0,18.2,3.05,0.634,85.2,14.8,0,0,8.3,9.5,8.3,9.46,-1.16,0.31,0.35,9.5
68,2026,67,Christian McCaffrey,SF,RB,1,82,24,85.7,5,18.5,1.71,0.21,6.4,32,12.5,41,18.9,8.2,10.25,4,80,25,6.25,15,3.75,0,0.03,0,1,0,0,3,0.125,100.8,2,11.8,0,0,4,80,0,0,0,0,0,0,0,1,3,0.75,22.7,0.59,0.489,12.5,20.8,0,66.7,21.6,17.3,21.6,17.3,4.3,0.34,0.29,7
69,2026,68,Tommy Tremble,CAR,TE,1,48.6,18,35.3,4,8.3,2.28,0.22,6.5,26,7.4,41,14.1,10.25,13.67,3,75,26,8.67,17,5.67,0,0.03,0,0,0,0,3,0.167,107.3,3,11.1,0,0,3,75,0,0,0,0,0,0,0,0,2,0.67,22.2,2.87,0.19,5.6,27.8,66.7,0,7.1,5.6,7.1,5.62,1.48,0.39,0.31,5.6
70,2026,69,RJ Harvey,DEN,RB,1,33.3,16,45.7,7,20.6,2.56,0.44,-1.71,-12,-6.5,41,22,5.86,6.83,6,85.7,54,9,13,2.17,0,0.33,0,2,0,0,1,0.063,91.1,3,18.8,1,14.3,6,85.7,0,0,0,0,0,0,0,0,0,0,50,0.11,0.025,0,6.3,0,93.8,10.7,11.8,10.7,11.81,-1.11,0.63,0.67,10.8
71,2026,70,Denzel Boston,CLV,WR,1,87.3,33,86.8,4,12.9,1.24,0.12,14.5,58,33.9,41,28.5,10.25,20.5,2,50,17,8.5,11,5.5,0,0.01,0,1,1,0,2,0.061,86.5,2,10.5,0,0,3,75,1,50,0,0,1,0,0,0,1,0.5,16,1.04,0.129,93.9,6.1,0,0,8.1,6.1,8.1,6.09,2.01,0.18,0.18,6.1
72,2026,71,Quentin Johnston,LAC,WR,1,87.5,31,81.6,6,17.6,1.29,0.19,11.67,70,25.2,40,17.7,6.67,13.33,3,50,26,8.67,7,2.33,0,0.04,0,0,0,0,2,0.065,71.5,5,23.8,0,0,6,100,2,33.3,1,16.7,2,0,0,1,1,0.33,24,-2.14,0.067,87.1,12.9,0,0,7,11.2,7,11.21,-4.21,0.23,0.36,11.2
73,2026,72,Parker Washington,JAX,WR,1,80,26,81.3,4,13.8,1.54,0.15,11,44,28.4,40,22,10,13.33,3,75,5,1.67,2,0.67,1,0.63,33.3,2,2,1,2,0.077,145.8,4,20,0,0,3,75,0,0,0,0,1,1,100,0,0,0,16.7,1.4,1.287,57.7,38.5,3.8,0,13,9.6,13,9.59,3.41,0.5,0.37,9.6
74,2026,73,Marvin Harrison,ARZ,WR,1,77.8,45,83.3,5,9.6,0.89,0.11,16,80,26.1,40,14.3,8,13.33,3,60,4,1.33,4,1.33,0,0.03,0,0,0,0,3,0.067,85.4,5,15.2,0,0,4,80,1,0,0,0,1,0,0,0,0,0,12.2,-1.18,0.212,75.6,24.4,0,0,7,9.7,7,9.69,-2.69,0.16,0.22,9.7
75,2026,74,Cam Skattebo,NYG,RB,1,77.6,17,65.4,4,18.2,2.35,0.24,8.25,33,27.5,40,33.9,10,13.33,3,75,11,3.67,2,0.67,0,0.04,0,0,0,0,1,0.059,106.3,0,0,0,0,4,100,1,33.3,1,25,0,0,0,0,0,0,20,0.58,0.583,5.9,5.9,0,88.2,13,22.3,13,22.32,-9.32,0.41,0.56,9.5
76,2026,75,Ted Hurst,TB,WR,1,75,34,73.9,3,8.1,1.18,0.09,39.67,119,31.2,40,18.4,13.33,40,1,33.3,19,19,0,0,1,0.05,100,0,0,0,1,0.029,81.9,3,12,0,0,1,33.3,3,100,0,0,0,0,0,0,0,0,11.5,-0.41,1.056,61.8,38.2,0,0,11,3.6,11,3.58,7.42,0.32,0.11,3.6
77,2026,76,Noah Gray,KC,TE,1,65.3,7,28,3,12.5,5.57,0.43,6.67,20,13.2,39,15.9,13,13,3,100,19,6.33,5,1.67,0,0.11,0,1,0,0,2,0.286,118.8,2,11.1,1,33.3,3,100,1,50,0,0,1,1,100,0,0,0,25,4.94,0.782,14.3,0,71.4,14.3,6.9,5.3,6.9,5.28,1.62,0.99,0.75,5.3
78,2026,77,Jeremy Ruckert,NYJ,TE,1,45.9,16,36.4,5,13.5,2.44,0.31,3.6,18,5.6,39,12.1,7.8,7.8,5,100,24,4.8,0,0,1,0.56,33.3,1,1,1,3,0.188,138.8,5,18.5,0,0,5,100,0,0,0,0,1,1,100,0,0,0,29.4,1.48,0.897,6.3,50,43.8,0,14.9,10.8,14.9,10.76,4.14,0.93,0.67,10.8
79,2026,78,Devaughn Vele,NO,WR,1,90.3,43,95.6,6,14.3,0.91,0.14,16.83,101,33.9,39,15.3,6.5,13,3,50,17,5.67,17,5.67,0,0.14,0,1,1,0,3,0.07,70.8,4,14.8,0,0,5,83.3,2,0,1,16.7,2,1,50,0,1,0.33,15.4,-3.77,-0.022,46.5,53.5,0,0,6.9,11.3,6.9,11.33,-4.43,0.16,0.26,11.3
80,2026,79,DeMario Douglas,NE,WR,1,60,27,73,4,12.9,1.41,0.15,21,84,27.5,38,15.5,9.5,38,1,25,7,7,2,2,0,0.3,0,0,0,0,1,0.037,66.7,3,15,0,0,3,75,3,100,2,50,0,0,0,0,0,0,19,-1.12,-0.231,7.4,92.6,0,0,4.8,11.6,4.8,11.56,-6.76,0.18,0.43,11.6
81,2026,80,Dalton Kincaid,BUF,TE,1,71.4,22,71,3,11.5,1.73,0.14,11.33,34,13.7,38,18.6,12.67,19,2,66.7,20,10,12,6,0,0.02,0,0,0,0,1,0.045,109.7,3,25,0,0,3,100,0,50,0,0,1,0,0,0,0,0,15,4.43,-0.57,31.8,54.5,13.6,0,4.8,6.3,4.8,6.26,-1.46,0.26,0.28,6.3
82,2026,81,Mike Gesicki,CIN,TE,1,51.8,23,57.5,3,8.1,1.61,0.13,10.33,31,12.1,37,13.1,12.33,12.33,3,100,6,2,0,0,1,0.9,33.3,0,0,0,1,0.043,157.6,2,7.7,0,0,3,100,1,33.3,0,0,0,0,0,0,0,0,13.6,2.9,1.693,8.7,91.3,0,0,12.7,11.7,12.7,11.73,0.97,0.55,0.51,11.7
83,2026,82,Rashod Bateman,BLT,WR,1,87.9,20,90.9,3,15,1.85,0.15,11.33,34,17.9,37,19.9,12.33,18.5,2,66.7,13,6.5,7,3.5,0,0.02,0,1,1,0,1,0.05,109,3,21.4,0,0,2,66.7,0,50,0,0,0,0,0,0,0,0,15.8,3.74,0.69,65,35,0,0,5.7,5.2,5.7,5.17,0.53,0.29,0.26,5.2
84,2026,83,Keon Coleman,BUF,WR,1,46,15,48.4,2,7.7,2.47,0.13,26.5,53,21.4,37,18.1,18.5,37,1,50,5,5,3,3,0,0.42,0,0,0,0,1,0.067,95.8,1,8.3,0,0,1,50,2,100,0,0,0,0,0,0,0,0,15.4,7.9,1.529,86.7,6.7,6.7,0,4.7,6.1,4.7,6.09,-1.39,0.31,0.41,6.1
85,2026,84,Ashton Jeanty,LV,RB,1,82.5,22,59.5,3,9.1,1.68,0.14,4.33,13,5,37,14.9,12.33,12.33,3,100,24,8,10,3.33,0,0.02,0,0,0,0,2,0.091,118.1,1,4.5,0,0,3,100,0,33.3,0,0,1,1,100,0,2,0.67,12,5.48,0.612,4.5,4.5,0,90.9,12.3,17.4,12.3,17.44,-5.14,0.3,0.21,4.6
86,2026,85,Mitchell Evans,CAR,TE,1,28.4,9,17.6,3,6.3,4,0.33,5.67,17,4.8,36,12.4,12,12,3,100,19,6.33,10,3.33,0,0,0,0,0,0,2,0.222,116.7,3,11.1,0,0,3,100,0,0,0,0,1,1,100,0,0,0,30,5.24,0.667,0,11.1,88.9,0,6.6,5,6.6,5.01,1.59,0.73,0.56,5
87,2026,86,Mike Evans,SF,WR,1,34,12,42.9,6,22.2,2.83,0.5,14.17,85,33.3,34,15.7,5.67,11.33,3,50,78,26,77,25.67,1,0.72,33.3,0,1,1,2,0.167,135.4,6,35.3,0,0,5,83.3,1,33.3,0,0,2,0,0,0,0,0,54.5,-3.87,1.579,66.7,33.3,0,0,12.4,12.9,12.4,12.89,-0.49,1.03,1.07,12.9
88,2026,87,Aaron Jones,MIN,RB,1,81.8,20,58.8,6,20.7,1.7,0.3,-2,-12,-5.4,34,20.2,5.67,6.8,5,83.3,43,8.6,8,1.6,0,0.04,0,0,0,0,1,0.05,90.3,4,19,3,50,6,100,0,0,1,16.7,0,0,0,0,0,0,30,0,-0.205,0,0,0,100,14.2,17.8,14.2,17.79,-3.59,0.42,0.49,9.8
89,2026,88,Kyle Williams,NE,WR,1,35,16,43.2,3,9.7,2.13,0.19,16.67,50,16.3,34,13.9,11.33,34,1,33.3,15,15,0,0,0,0.02,0,0,0,0,1,0.063,37.5,2,10,0,0,1,33.3,1,100,0,0,0,0,0,0,0,0,25,1.11,-2.01,87.5,12.5,0,0,4.4,3.3,4.4,3.28,1.12,0.28,0.2,3.3
90,2026,89,Raheim Sanders,CLV,RB,1,41.3,16,42.1,4,12.9,2.13,0.25,1.25,5,2.9,34,23.6,8.5,8.5,4,100,29,7.25,13,3.25,0,0.01,0,0,0,0,1,0.063,102.1,2,10.5,0,0,4,100,0,0,0,0,0,0,0,1,2,0.5,26.7,2.29,0.262,0,0,0,100,9.1,7.2,9.1,7.22,1.88,0.46,0.42,6.7
91,2026,90,Stefon Diggs,WAS,WR,1,60,27,77.1,7,22.6,1.22,0.26,5,35,15.1,33,18,4.71,8.25,4,57.1,25,6.25,9,2.25,0,0.03,0,0,0,0,2,0.074,69.3,6,27.3,0,0,5,71.4,0,0,0,0,1,0,0,0,1,0.25,29.2,-2.07,-0.141,37,59.3,0,3.7,7.3,8.8,7.3,8.76,-1.46,0.27,0.32,8.8
92,2026,91,Noah Fant,NO,TE,1,56.9,16,35.6,4,9.5,2.06,0.25,3.5,14,4.7,33,12.9,8.25,8.25,4,100,21,5.25,5,1.25,2,0.91,50,2,1,1,2,0.125,140.6,4,14.8,0,0,4,100,0,0,0,0,0,0,0,0,0,0,23.5,2.15,1.165,12.5,18.8,68.8,0,19.3,11.5,19.3,11.53,7.77,1.21,0.72,11.5
93,2026,92,Justin Jefferson,MIN,WR,1,10.9,2,5.9,2,6.9,16,1,8.5,17,7.6,32,19,16,16,2,100,15,7.5,3,1.5,0,0.01,0,0,0,0,1,0.5,118.8,2,9.5,1,50,2,100,1,50,0,0,0,0,0,0,1,0.5,100,8.14,0.863,50,50,0,0,5.2,4.2,5.2,4.15,1.05,2.6,2.08,4.2
94,2026,93,Dontayvion Wicks,PHI,WR,1,87.2,24,77.4,5,19.2,1.33,0.21,14,70,41.4,32,20.9,6.4,16,2,40,8,4,3,1.5,0,0.08,0,2,2,0,2,0.083,22.5,4,23.5,0,0,3,60,0,0,1,20,0,0,0,0,0,0,21.7,-3.52,-0.88,70.8,29.2,0,0,5.2,8,5.2,8.02,-2.82,0.22,0.33,8
95,2026,94,Brenton Strange,JAX,TE,1,76.7,23,71.9,5,17.2,1.39,0.22,5.8,29,18.7,32,17.6,6.4,10.67,3,60,22,7.33,7,2.33,0,0.01,0,0,0,0,1,0.043,39.2,3,15,0,0,4,80,0,33.3,1,20,1,1,100,0,1,0.33,20.8,-0.64,-0.967,13,43.5,39.1,4.3,6.2,5.6,6.2,5.65,0.55,0.27,0.25,5.6
96,2026,95,Michael Mayer,LV,TE,1,87.3,28,75.7,3,9.1,1.14,0.11,5.33,16,6.2,32,12.9,10.67,10.67,3,100,21,7,5,1.67,1,0.55,33.3,1,1,1,3,0.107,150.7,2,9.1,0,0,3,100,0,0,0,0,0,0,0,0,0,0,11.5,3.83,1.095,3.6,10.7,85.7,0,12.2,7.4,12.2,7.42,4.78,0.44,0.26,7.4
97,2026,96,DK Metcalf,PIT,WR,1,94.9,35,94.6,5,14.7,0.89,0.14,14.6,73,20.9,31,10.6,6.2,10.33,3,60,10,3.33,5,1.67,1,0.95,33.3,1,1,1,3,0.086,117.5,4,19,0,0,3,60,2,0,0,0,2,1,50,0,0,0,15.6,-2.93,0.493,74.3,25.7,0,0,12.1,10.4,12.1,10.41,1.69,0.35,0.3,10.4
98,2026,97,Skyy Moore,GB,WR,1,50.8,26,48.1,6,11.3,1.19,0.23,3.33,20,5.2,31,9.9,5.17,10.33,3,50,24,8,7,2.33,0,0.09,0,2,0,0,2,0.077,65.3,5,12.8,1,16.7,3,50,0,0,0,0,1,1,100,0,0,0,27.3,-0.97,0.635,19.2,73.1,3.8,3.8,6.1,5,6.1,5.03,1.07,0.23,0.19,5
99,2026,98,Colston Loveland,CHI,TE,1,79.7,23,65.7,4,11.8,1.35,0.17,0.75,3,1.5,31,12.6,7.75,7.75,4,100,28,7,10,2.5,0,0.33,0,1,0,0,3,0.13,99,3,10.3,1,25,4,100,0,0,0,0,0,0,0,0,0,0,14.8,2,0.428,39.1,21.7,39.1,0,7.1,8.3,7.1,8.32,-1.22,0.31,0.36,8.3
100,2026,99,Dalton Schultz,HST,TE,1,52.9,20,64.5,3,11.1,1.5,0.15,9,27,8.4,30,18,10,10,3,100,3,1,1,0.33,0,0.22,0,1,0,0,1,0.05,108.3,3,16.7,0,0,3,100,0,0,0,0,0,0,0,0,0,0,18.8,2.08,-0.324,20,45,35,0,6,7.5,6,7.45,-1.45,0.3,0.37,7.5
101,2026,100,Pat Freiermuth,PIT,TE,1,57.6,21,56.8,4,11.8,1.43,0.19,12.5,50,14.3,30,10.3,7.5,15,2,50,19,9.5,9,4.5,0,0,0,0,0,0,1,0.048,75,3,14.3,0,0,2,50,1,50,0,0,0,0,0,0,0,0,19,-1.48,-0.139,14.3,52.4,28.6,4.8,5.1,4,5.1,4,1.1,0.24,0.17,3.7
102,2026,101,Dohnte Meyers,CIN,WR,1,55.4,24,60,5,13.5,1.21,0.21,3.4,17,6.6,29,10.3,5.8,9.67,3,60,19,6.33,10,3.33,0,0.02,0,0,0,0,2,0.083,76.3,3,11.5,0,0,4,80,0,33.3,1,20,1,0,0,0,1,0.33,22.7,-0.72,0.12,29.2,70.8,0,0,5.9,7.6,5.9,7.55,-1.65,0.25,0.31,7.6
103,2026,102,Makai Lemon,PHI,WR,1,68.1,26,83.9,4,15.4,1.12,0.15,11.75,47,27.8,29,19,7.25,9.67,3,75,17,5.67,6,2,0,0.01,0,0,0,0,2,0.077,94.8,3,17.6,1,25,3,75,1,0,0,0,0,0,0,0,2,0.67,18.2,-0.86,-0.401,26.9,73.1,0,0,5.9,5.7,5.9,5.72,0.18,0.23,0.22,5.7
104,2026,103,Chuba Hubbard,CAR,RB,1,83.8,34,66.7,4,8.3,0.82,0.12,-3.5,-14,-4,28,9.6,7,7,4,100,42,10.5,7,1.75,0,0.03,0,0,0,0,1,0.029,95.8,2,7.4,2,50,4,100,0,25,0,0,0,0,0,0,0,0,12.5,1.36,0.308,2.9,8.8,0,88.2,15,15.6,15,15.58,-0.58,0.2,0.18,6.2
105,2026,104,Tucker Kraft,GB,TE,1,77.8,37,68.5,8,15.1,0.7,0.22,4.13,33,8.5,26,8.3,3.25,6.5,4,50,18,4.5,15,3.75,0,0.08,0,1,0,0,1,0.027,57.3,6,15.4,1,12.5,7,87.5,1,0,2,25,1,0,0,0,1,0.25,21.1,-3.69,-0.249,5.4,35.1,59.5,0,6.6,11.2,6.6,11.2,-4.6,0.18,0.3,11.2
106,2026,105,Malik Nabers,NYG,WR,1,81,20,76.9,6,27.3,1.3,0.3,0.83,5,4.2,26,22,4.33,5.2,5,83.3,23,4.6,9,1.8,0,0.26,0,1,0,0,2,0.1,84.7,6,37.5,2,33.3,5,83.3,0,0,0,0,1,1,100,0,2,0.4,35.3,-1.03,-0.491,80,20,0,0,7.6,8.6,7.6,8.6,-1,0.38,0.43,8.6
107,2026,106,Chris Godwin,TB,WR,1,65.6,35,76.1,4,10.8,0.71,0.11,4.25,17,4.5,25,11.5,6.25,8.33,3,75,18,6,3,1,0,0,0,0,0,0,0,0,90.6,3,12,1,25,3,75,0,0,0,0,0,0,0,0,0,0,15.4,-0.01,-0.365,54.3,45.7,0,0,5.5,5.1,5.5,5.11,0.39,0.16,0.15,5.1
108,2026,107,Mark Andrews,BLT,TE,1,46.6,13,59.1,5,25,1.85,0.38,6.6,33,17.4,24,12.9,4.8,8,3,60,12,4,7,2.33,0,0.01,0,0,0,0,1,0.077,72.1,2,14.3,0,0,3,60,0,0,0,0,0,0,0,0,1,0.33,38.5,-2.67,-0.123,38.5,38.5,23.1,0,5.4,5.3,5.4,5.29,0.11,0.42,0.41,5.3
109,2026,108,Ben Skowronek,PIT,WR,1,16.9,3,8.1,1,2.9,7.67,0.33,22,22,6.3,23,7.9,23,23,1,100,1,1,0,0,1,0.7,33.3,0,0,0,1,0.333,158.3,1,4.8,0,0,1,100,1,100,0,0,0,0,0,0,0,0,33.3,11.08,2.455,0,100,0,0,9.3,7,9.3,6.97,2.33,3.1,2.32,7
110,2026,109,Jake Ferguson,DAL,TE,1,67.6,30,66.7,5,12.5,0.77,0.17,2.2,11,3.8,23,8.3,4.6,7.67,3,60,10,3.33,0,0,1,0.56,100,1,0,0,1,0.033,110.8,3,11.5,1,20,4,80,0,0,0,0,1,0,0,0,0,0,16.7,-2.53,-0.928,6.7,46.7,46.7,0,10.3,9.8,10.3,9.78,0.52,0.38,0.33,9.8
111,2026,110,Breece Hall,NYJ,RB,1,50.8,14,31.8,3,8.1,1.64,0.21,-0.67,-2,-0.6,23,7.2,7.67,7.67,3,100,25,8.33,3,1,0,0.01,0,0,0,0,1,0.071,98.6,0,0,0,0,3,100,0,0,0,0,0,0,0,0,1,0.33,20,1.56,0.74,14.3,7.1,0,78.6,8.5,16.7,8.5,16.67,-8.17,0.38,0.34,4.8
112,2026,111,Matthew Hibner,BLT,TE,1,51.7,8,36.4,2,10,2.88,0.25,3.5,7,3.7,23,12.4,11.5,11.5,2,100,19,9.5,2,1,1,0.87,50,1,1,1,2,0.25,154.2,1,7.1,0,0,2,100,0,100,0,0,0,0,0,0,0,0,28.6,5.07,1.648,0,50,50,0,10.3,8.1,10.3,8.09,2.21,1.29,1.01,8.1
113,2026,112,Kendrick Bourne,ARZ,WR,1,58,37,68.5,3,5.8,0.59,0.08,2.33,7,2.3,22,7.9,7.33,11,2,66.7,19,9.5,6,3,0,0.09,0,1,0,0,1,0.027,88.2,2,6.1,0,0,3,100,0,0,1,33.3,1,0,0,0,0,0,8.3,1.36,0.168,27,73,0,0,4.2,4.5,4.2,4.54,-0.34,0.11,0.12,4.5
114,2026,113,Tony Pollard,TEN,RB,1,54.4,11,30.6,4,11.1,2,0.36,0,0,0,22,12.2,5.5,5.5,4,100,22,5.5,0,0,0,0.02,0,0,0,0,1,0.091,89.6,0,0,0,0,4,100,0,0,0,0,0,0,0,0,0,0,28.6,-0.54,0.086,0,0,0,100,13.6,16.8,13.6,16.82,-3.22,0.56,0.59,6.5
115,2026,114,Tyquan Thornton,KC,WR,1,44.9,13,52,2,8.3,1.69,0.15,9,18,11.9,22,8.9,11,11,2,100,4,2,1,0.5,0,0.03,0,0,0,0,2,0.154,112.5,1,5.6,0,0,2,100,0,0,0,0,0,0,0,0,0,0,14.3,3.07,1.157,76.9,23.1,0,0,4.2,4.6,4.2,4.62,-0.42,0.32,0.36,4.6
116,2026,115,Ryan Flournoy,DAL,WR,1,67.6,30,66.7,7,17.5,0.73,0.23,14,98,34,22,8,3.14,11,2,28.6,7,3.5,8,4,0,0.01,0,3,2,0,1,0.033,40.2,3,11.5,0,0,2,28.6,1,0,0,0,0,0,0,0,1,0.5,26.9,-5.32,-0.283,43.3,56.7,0,0,4.2,3.9,4.2,3.91,0.29,0.14,0.13,3.9
117,2026,116,J. Sturdivant,GB,WR,1,31.7,18,33.3,3,5.7,1.22,0.17,6.67,20,5.2,22,7.1,7.33,7.33,3,100,2,0.67,0,0,0,0.02,0,0,0,0,2,0.111,97.2,3,7.7,0,0,3,100,0,0,0,0,1,1,100,0,0,0,18.8,0.48,1.063,61.1,38.9,0,0,5.2,4.7,5.2,4.7,0.5,0.29,0.26,4.7
118,2026,117,Kayshon Boutte,HST,WR,1,68.6,25,80.6,3,11.1,0.84,0.12,21.67,65,20.3,21,12.6,7,10.5,2,66.7,6,3,1,0.5,0,0.13,0,1,0,0,1,0.04,86.8,2,11.1,0,0,2,66.7,1,0,0,0,0,0,0,0,0,0,15.8,-2.75,0.39,80,20,0,0,4.1,4.6,4.1,4.6,-0.5,0.16,0.18,4.6
119,2026,118,Isaiah Williams,NYJ,WR,1,93.4,42,95.5,2,5.4,0.5,0.05,14.5,29,9,21,6.5,10.5,21,1,50,-1,-1,0,0,0,0.01,0,0,0,0,1,0.024,87.5,2,7.4,0,0,1,50,1,100,0,0,0,0,0,0,0,0,5.4,1.01,1.316,73.8,26.2,0,0,3.1,3.5,3.1,3.53,-0.43,0.07,0.08,3.5
120,2026,119,Troy Franklin,DEN,WR,1,18.3,6,17.1,1,2.9,3.5,0.17,8,8,4.3,21,11.3,21,21,1,100,13,13,0,0,0,0.01,0,0,0,0,1,0.167,118.8,1,6.3,0,0,1,100,0,100,0,0,0,0,0,0,0,0,20,13.49,1.617,50,50,0,0,3.1,2.1,3.1,2.06,1.04,0.52,0.34,2.1
121,2026,120,Jaylin Lane,WAS,WR,1,6.2,2,5.7,1,3.2,10.5,0.5,-2,-2,-0.9,21,11.5,21,21,1,100,23,23,1,1,0,0.01,0,0,0,0,1,0.5,118.8,1,4.5,1,100,1,100,0,100,0,0,0,0,0,0,0,0,50,15.5,1.614,0,100,0,0,3.1,1.6,3.1,1.58,1.52,1.55,0.79,1.6
122,2026,121,Laquon Treadwell,IND,WR,1,78.9,31,75.6,1,2.8,0.65,0.03,18,18,6.6,20,8.5,20,20,1,100,2,2,10,10,0,0,0,0,0,0,1,0.032,118.8,1,3.4,0,0,1,100,0,100,0,0,0,0,0,0,0,0,3.3,9.1,1.483,87.1,12.9,0,0,3,3.1,3,3.06,-0.06,0.1,0.1,3.1
123,2026,122,Darnell Mooney,NYG,WR,1,41.4,16,61.5,3,13.6,1.25,0.19,10.67,32,26.7,20,16.9,6.67,10,2,66.7,0,0,0,0,0,0.01,0,0,0,0,1,0.063,85.4,3,18.8,0,0,2,66.7,0,0,0,0,1,1,100,0,0,0,23.1,-1.68,0.565,43.8,56.3,0,0,4.9,3.7,4.9,3.72,1.18,0.25,0.2,3.2
124,2026,123,Jelani Woods,NYJ,TE,1,36.1,8,18.2,1,2.7,2.5,0.13,17,17,5.3,20,6.2,20,20,1,100,3,3,0,0,0,0.02,0,0,0,0,1,0.125,118.8,1,3.7,0,0,1,100,0,100,0,0,0,0,0,1,0,0,11.1,8.32,1.264,12.5,0,87.5,0,3,3,3,2.98,0.02,0.38,0.37,3
125,2026,124,Jared Wayne,HST,WR,1,62.7,18,58.1,4,14.8,1.11,0.22,17.5,70,21.9,20,12,5,20,1,25,1,1,1,1,0,0.08,0,0,0,0,1,0.056,47.9,3,16.7,0,0,3,75,1,100,1,25,3,1,33.3,0,0,0,28.6,-5.52,0.031,94.4,5.6,0,0,3,5.6,3,5.63,-2.63,0.17,0.31,5.6
126,2026,125,Elijah Higgins,ARZ,TE,1,39.5,12,22.2,3,5.8,1.67,0.25,2.33,7,2.3,20,7.1,6.67,6.67,3,100,13,4.33,5,1.67,0,0,0,0,0,0,1,0.083,94.4,2,6.1,0,0,3,100,0,0,0,0,0,0,0,0,1,0.33,27.3,0.49,0.486,16.7,16.7,66.7,0,5,5.1,5,5.11,-0.11,0.42,0.43,5.1
127,2026,126,Xavier Worthy,KC,WR,1,81.6,19,76,2,8.3,1.05,0.11,6.5,13,8.6,20,8.1,10,10,2,100,7,3.5,0,0,0,0.03,0,0,0,0,1,0.053,108.3,1,5.6,1,50,2,100,0,0,0,0,0,0,0,0,0,0,10,2.05,0.486,63.2,36.8,0,0,4,4.4,4,4.4,-0.4,0.21,0.23,4.4
128,2026,127,Amon-Ra St. Brown,DET,WR,1,73.4,28,77.8,8,25,0.68,0.29,7.5,60,29.4,19,7.1,2.38,4.75,4,50,2,0.5,1,0.25,1,1.02,50,3,1,1,2,0.071,95.8,6,30,0,0,6,75,0,0,2,25,1,1,100,0,0,0,32,-5.18,-0.173,50,42.9,0,7.1,11.9,17.1,11.9,17.07,-5.17,0.42,0.61,17.1
129,2026,128,John Metchie,CAR,WR,1,56.8,28,54.9,5,10.4,0.68,0.18,8.4,42,12,19,6.5,3.8,9.5,2,40,1,0.5,0,0,1,0.85,100,1,1,1,2,0.071,90.8,2,7.4,0,0,3,60,0,0,0,0,1,0,0,0,0,0,21.7,-3.79,0.306,53.6,46.4,0,0,9.9,10,9.9,10,-0.1,0.35,0.36,10
130,2026,129,Bijan Robinson,ATL,RB,1,72.7,12,48,2,8,1.58,0.17,-5.5,-11,-7.1,19,7.4,9.5,9.5,2,100,30,15,5,2.5,0,0.02,0,0,0,0,1,0.083,106.3,1,5,1,50,2,100,0,0,0,0,0,0,0,0,0,0,11.1,4.02,0.634,0,8.3,0,91.7,35.3,26.5,35.3,26.51,8.79,0.33,0.26,3.1
131,2026,130,Davis Allen,LA,TE,1,35.4,8,13.3,3,5.5,2.38,0.38,7.33,22,4.4,19,4.9,6.33,9.5,2,66.7,15,7.5,0,0,0,0.01,0,0,0,0,1,0.125,84,2,5.7,0,0,3,100,0,0,0,0,1,0,0,0,0,0,30,-2.02,0.201,37.5,0,62.5,0,3.9,4.9,3.9,4.89,-0.99,0.49,0.61,4.9
132,2026,131,Brevyn Spann-Ford,DAL,TE,1,39.4,6,13.3,1,2.5,3.17,0.17,2,2,0.7,19,6.9,19,19,1,100,17,17,17,17,0,0,0,0,0,0,1,0.167,118.8,0,0,0,0,1,100,0,0,0,0,0,0,0,0,4,4,8.3,12.63,1.238,16.7,16.7,66.7,0,2.9,1.6,2.9,1.64,1.26,0.48,0.27,1.6
133,2026,132,Jeremiyah Love,ARZ,RB,1,63,21,38.9,5,9.6,0.9,0.24,1.4,7,2.3,19,6.8,3.8,3.8,5,100,12,2.4,4,0.8,1,0.76,50,2,0,0,2,0.095,122.1,1,3,0,0,5,100,0,0,0,0,0,0,0,0,0,0,23.8,-2.26,0.144,0,4.8,0,95.2,21.9,22.8,21.9,22.82,-0.92,0.61,0.57,11.9
134,2026,133,Malachi Fields,NYG,WR,1,69,17,65.4,2,9.1,1.12,0.12,5.5,11,9.2,19,16.1,9.5,9.5,2,100,8,4,4,2,0,0.01,0,0,0,0,1,0.059,106.3,2,12.5,0,0,2,100,0,0,0,0,0,0,0,0,0,0,13.3,2.84,0.269,82.4,17.6,0,0,3.9,3.6,3.9,3.62,0.28,0.23,0.21,3.6
135,2026,134,Jalen Coker,CAR,WR,1,36.5,17,33.3,4,8.3,1.06,0.24,19,76,21.7,18,6.2,4.5,9,2,50,7,3.5,2,1,0,0.04,0,0,0,0,1,0.059,62.5,4,14.8,0,0,3,75,2,0,0,0,1,0,0,0,0,0,33.3,-5.01,-0.373,52.9,47.1,0,0,3.8,6,3.8,5.96,-2.16,0.22,0.35,6
136,2026,135,Tetairoa McMillan,CAR,WR,1,94.6,47,92.2,4,8.3,0.36,0.09,9.5,38,10.8,17,5.8,4.25,8.5,2,50,0,0,0,0,0,0,0,1,1,0,1,0.021,61.5,4,14.8,0,0,2,50,0,0,0,0,0,0,0,0,0,0,11.1,-3.71,-0.361,68.1,31.9,0,0,3.7,4.1,3.7,4.06,-0.36,0.08,0.09,4.1
137,2026,136,Jaylin Noel,HST,WR,1,27.5,11,35.5,2,7.4,1.55,0.18,8,16,5,17,10.2,8.5,8.5,2,100,1,0.5,1,0.5,0,0,0,0,0,0,1,0.091,102.1,2,11.1,0,0,2,100,0,0,0,0,0,0,0,0,0,0,22.2,0.95,0.156,27.3,72.7,0,0,4.5,4.5,4.5,4.54,-0.04,0.34,0.37,4.1
138,2026,137,Bhayshul Tuten,JAX,RB,1,53.3,10,31.3,2,6.9,1.7,0.2,-3.5,-7,-4.5,17,9.3,8.5,8.5,2,100,24,12,4,2,0,0.01,0,0,0,0,1,0.1,102.1,1,5,1,50,2,100,0,0,0,0,0,0,0,0,0,0,13.3,3.05,0.461,0,0,0,100,17,13.9,17,13.94,3.06,0.37,0.31,3.1
139,2026,138,Mo Alie-Cox,IND,TE,1,39.4,6,14.6,1,2.8,2.67,0.17,0,0,0,16,6.8,16,16,1,100,16,16,10,10,0,0,0,0,0,0,1,0.167,118.8,0,0,0,0,1,100,0,0,0,0,0,0,0,0,1,1,11.1,10.71,0.984,0,0,100,0,2.6,1.6,2.6,1.63,0.97,0.43,0.27,1.6
140,2026,139,Jonnu Smith,GB,TE,1,31.7,15,27.8,3,5.7,1.07,0.2,6.33,19,4.9,16,5.1,5.33,8,2,66.7,6,3,2,1,0,0,0,1,0,0,0,0,40.3,3,7.7,0,0,2,66.7,0,0,0,0,0,0,0,0,0,0,21.4,-1.41,-1.191,6.7,73.3,20,0,3.6,3.6,3.6,3.56,0.04,0.24,0.24,3.6
141,2026,140,Michael Pittman,PIT,WR,1,74.6,26,70.3,5,14.7,0.62,0.19,7.6,38,10.9,16,5.5,3.2,8,2,40,4,2,0,0,0,0.03,0,0,0,0,1,0.038,48.8,2,9.5,0,0,3,60,0,0,1,20,0,0,0,0,0,0,20,-4.07,-0.163,84.6,15.4,0,0,3.6,6.2,3.6,6.17,-2.57,0.14,0.24,6.2
142,2026,141,Rhamondre Stevenson,NE,RB,1,55,19,51.4,3,9.7,0.84,0.16,-0.67,-2,-0.7,16,6.5,5.33,5.33,3,100,18,6,5,1.67,0,0.04,0,0,0,0,0,0,88.9,2,10,1,33.3,3,100,0,0,0,0,0,0,0,0,2,0.67,16.7,-0.81,0.091,10.5,0,0,89.5,6.8,9.7,6.8,9.75,-2.95,0.24,0.26,5
143,2026,142,Jalen Nailor,LV,WR,1,57.1,24,64.9,3,9.1,0.67,0.13,13.33,40,15.4,16,6.5,5.33,16,1,33.3,2,2,1,1,0,0.01,0,0,0,0,1,0.042,52.1,3,13.6,0,0,1,33.3,0,0,0,0,0,0,0,0,0,0,16.7,-4.27,0.435,75,25,0,0,2.6,2.7,2.6,2.75,-0.15,0.11,0.11,2.7
144,2026,143,Daniel Bellinger,TEN,TE,1,35.1,7,19.4,2,5.6,2.29,0.29,-0.5,-1,-0.4,16,8.8,8,8,2,100,17,8.5,3,1.5,0,0,0,0,0,0,0,0,100,0,0,0,0,2,100,0,0,0,0,0,0,0,0,1,0.5,22.2,2.9,-0.05,0,14.3,85.7,0,3.6,3.3,3.6,3.34,0.26,0.51,0.48,3.3
145,2026,144,Sam Roush,CHI,TE,1,18.8,3,8.6,1,2.9,5.33,0.33,3,3,1.5,16,6.5,16,16,1,100,13,13,0,0,0,0.01,0,0,0,0,1,0.333,118.8,1,3.4,0,0,1,100,0,0,0,0,0,0,0,0,0,0,20,9.68,2.638,0,0,66.7,33.3,2.6,1.8,2.6,1.77,0.83,0.87,0.59,1.8
146,2026,145,David Montgomery,HST,RB,1,64.7,15,48.4,2,7.4,1,0.13,5,10,3.1,15,9,7.5,7.5,2,100,5,2.5,1,0.5,0,0.02,0,0,0,0,1,0.067,97.9,1,5.6,0,0,2,100,0,0,0,0,0,0,0,0,0,0,15.4,0.31,0.751,6.7,0,0,93.3,6.8,9,6.8,8.95,-2.15,0.23,0.24,3.6
147,2026,146,Ryan Miller,MIA,WR,1,22.4,4,9.5,2,5.6,3.75,0.5,6.5,13,4,15,7.1,7.5,7.5,2,100,2,1,0,0,0,0.04,0,0,0,0,2,0.5,97.9,2,6.9,0,0,2,100,0,0,0,0,0,0,0,0,0,0,50,1.03,1.582,50,50,0,0,3.5,4.1,3.5,4.05,-0.55,0.88,1.01,4.1
148,2026,147,Antonio Williams,WAS,WR,1,38.5,8,22.9,4,12.9,1.88,0.5,13,52,22.4,15,8.2,3.75,7.5,2,50,6,3,2,1,0,0.15,0,0,0,0,0,0,59.4,3,13.6,0,0,3,75,1,0,1,25,1,0,0,0,0,0,40,-3.92,-0.4,50,50,0,0,3.5,7.4,3.5,7.36,-3.86,0.44,0.92,7.4
149,2026,148,Kenny Gainwell,TB,RB,1,48.4,14,30.4,5,13.5,1,0.36,4.2,21,5.5,14,6.5,2.8,7,2,40,19,9.5,2,1,0,0.02,0,1,1,0,1,0.071,8.3,1,4,0,0,3,60,0,0,0,0,0,0,0,0,0,0,22.7,-4.65,-0.606,14.3,14.3,0,71.4,3,5.9,3,5.9,-2.9,0.24,0.33,4.6
150,2026,149,Rashid Shaheed,SEA,WR,1,46.9,22,46.8,3,6.5,0.64,0.14,5,15,5.3,14,3.6,4.67,7,2,66.7,8,4,0,0,0,0.01,0,0,0,0,0,0,77.1,3,9.7,1,33.3,2,66.7,0,0,0,0,1,1,100,0,0,0,13.6,-1.81,-0.641,68.2,31.8,0,0,3.4,2.7,3.4,2.68,0.72,0.15,0.12,2.7
151,2026,150,Kimani Vidal,LAC,RB,1,26.6,11,28.9,3,8.8,1.27,0.27,5.67,17,6.1,14,6.2,4.67,14,1,33.3,17,17,0,0,0,0,0,0,0,0,1,0.091,49.3,0,0,0,0,1,33.3,0,0,0,0,0,0,0,0,1,1,20,-2.06,-0.658,0,0,0,100,3,2.2,3,2.2,0.8,0.22,0.14,1.6
152,2026,151,Ollie Gordon,MIA,RB,1,82.1,24,57.1,3,8.3,0.58,0.13,-1.33,-4,-1.2,14,6.7,4.67,4.67,3,100,18,6,9,3,0,0.02,0,0,0,0,1,0.042,86.1,2,6.9,1,33.3,3,100,0,0,0,0,0,0,0,0,0,0,10.7,-1.36,0.1,4.2,37.5,0,58.3,14.5,15.7,14.5,15.7,-1.2,0.18,0.2,4.8
153,2026,152,Gunnar Helm,TEN,TE,1,87.7,24,66.7,4,11.1,0.58,0.17,9.25,37,15.7,14,7.7,3.5,7,2,50,4,2,2,1,0,0.03,0,1,1,0,2,0.083,58.3,3,12,0,0,2,50,0,0,0,0,0,0,0,0,0,0,13.3,-4.52,-0.477,0,79.2,20.8,0,3.4,3.6,3.4,3.63,-0.23,0.14,0.15,3.6
154,2026,153,Josh Cuevas,BLT,TE,1,27.6,8,36.4,1,5,1.75,0.13,3,3,1.6,14,7.5,14,14,1,100,11,11,4,4,0,0.02,0,0,0,0,1,0.125,118.8,1,7.1,0,0,1,100,0,0,0,0,0,0,0,0,0,0,14.3,7.68,1.188,37.5,12.5,50,0,2.4,1.8,2.4,1.76,0.64,0.3,0.22,1.8
155,2026,154,Germie Bernard,PIT,WR,1,28.8,9,24.3,1,2.9,1.56,0.11,14,14,4,14,4.8,14,14,1,100,0,0,0,0,0,0.04,0,0,0,0,1,0.111,118.8,0,0,0,0,1,100,0,0,0,0,0,0,0,0,0,0,14.3,4.19,0.845,55.6,44.4,0,0,2.4,2.7,2.4,2.73,-0.33,0.27,0.3,2.7
156,2026,155,Eric Saubert,SEA,TE,1,25,7,14.9,2,4.3,1.86,0.29,1.5,3,1.1,13,3.3,6.5,13,1,50,10,10,4,4,1,0.08,25,1,0,0,1,0.143,110.4,0,0,0,0,1,50,0,0,0,0,0,0,0,0,1,1,20,0.69,0.726,0,0,100,0,8.3,2.1,8.3,2.1,6.2,1.19,0.3,2.1
157,2026,156,Tanner Hudson,CIN,TE,1,23.2,9,22.5,2,5.4,1.44,0.22,4,8,3.1,13,4.6,6.5,6.5,2,100,5,2.5,1,0.5,0,0.02,0,0,0,0,0,0,93.8,2,7.7,0,0,2,100,0,0,0,0,0,0,0,0,0,0,28.6,-0.23,0.032,22.2,22.2,55.6,0,3.3,3.5,3.3,3.54,-0.24,0.37,0.39,3.5
158,2026,157,Travis Etienne,NO,RB,1,37.5,12,26.7,2,4.8,1.08,0.17,0,0,0,13,5.1,6.5,6.5,2,100,13,6.5,6,3,0,0,0,0,0,0,1,0.083,93.8,0,0,0,0,2,100,0,0,0,0,0,0,0,0,1,0.5,20,0.73,0.496,16.7,0,0,83.3,9,12.7,9,12.65,-3.65,0.27,0.27,3.2
159,2026,158,Treylon Burks,WAS,WR,1,36.9,17,48.6,2,6.5,0.76,0.12,4.5,9,3.9,13,7.1,6.5,6.5,2,100,4,2,0,0,1,0.76,33.3,1,1,1,1,0.059,133.3,1,4.5,0,0,2,100,0,0,0,0,1,1,100,0,0,0,14.3,-0.41,1.054,76.5,23.5,0,0,9.3,7.6,9.3,7.63,1.67,0.55,0.45,7.6
160,2026,159,Isaiah Likely,NYG,TE,1,84.5,22,84.6,5,22.7,0.59,0.23,4.2,21,17.5,13,11,2.6,6.5,2,40,5,2.5,1,0.5,0,0.01,0,0,0,0,1,0.045,47.9,4,25,0,0,3,60,0,0,1,20,0,0,0,0,0,0,26.3,-3.74,-0.222,9.1,81.8,9.1,0,3.3,5.3,3.3,5.33,-2.03,0.15,0.24,5.3
161,2026,160,Tyler Badie,DEN,RB,1,18.3,6,17.1,1,2.9,2,0.17,6,6,3.2,12,6.5,12,12,1,100,6,6,3,3,0,0.03,0,1,0,0,1,0.167,116.7,0,0,0,0,1,100,0,0,0,0,0,0,0,0,0,0,16.7,4.29,1.192,0,0,0,100,2.4,2.3,2.4,2.3,0.1,0.37,0.32,1.9
162,2026,161,Bucky Irving,TB,RB,1,50,15,32.6,4,10.8,0.8,0.27,3.75,15,3.9,12,5.5,3,6,2,50,2,1,0,0,0,0.06,0,2,0,0,1,0.067,56.3,2,8,0,0,3,75,0,0,1,25,0,0,0,0,0,0,33.3,-3.69,-0.101,20,46.7,0,33.3,7.8,12.6,7.8,12.63,-4.83,0.21,0.36,5.4
163,2026,162,Josh Cameron,JAX,WR,1,38.3,8,25,2,6.9,1.5,0.25,9.5,19,12.3,12,6.6,6,12,1,50,5,5,0,0,1,0.33,33.3,1,0,0,1,0.125,108.3,2,10,0,0,2,100,0,0,1,50,0,0,0,0,0,0,28.6,-2.06,0.801,62.5,37.5,0,0,8.2,6.1,8.2,6.13,2.07,1.02,0.77,6.1
164,2026,163,Austin Hooper,ATL,TE,1,22.7,3,12,2,8,3.67,0.67,5.5,11,7.1,11,4.3,5.5,5.5,2,100,1,0.5,1,0.5,1,0.82,100,1,1,1,1,0.333,129.2,2,10,0,0,2,100,0,0,0,0,0,0,0,0,0,0,50,-1.29,2.092,0,0,100,0,9.1,8.1,9.1,8.1,1,3.03,2.7,8.1
165,2026,164,T.J. Hockenson,MIN,TE,1,87.3,23,67.6,4,13.8,0.48,0.17,8.75,35,15.6,11,6.5,2.75,5.5,2,50,10,5,1,0.5,0,0,0,0,0,0,0,0,56.3,4,19,1,25,3,75,0,0,0,0,0,0,0,0,0,0,18.2,-5.96,-0.301,17.4,34.8,47.8,0,3.1,6.2,3.1,6.24,-3.14,0.13,0.27,6.2
166,2026,165,Jahan Dotson,ATL,WR,1,66.7,14,56,3,12,0.79,0.21,13.33,40,25.6,11,4.3,3.67,11,1,33.3,10,10,2,2,0,0.01,0,0,0,0,1,0.071,5.6,2,10,0,0,2,66.7,1,0,0,0,1,0,0,0,0,0,18.8,-4.5,-1.547,85.7,14.3,0,0,2.1,3.4,2.1,3.42,-1.32,0.15,0.24,3.4
167,2026,166,Sione Vaki,DET,RB,1,29.7,4,11.1,1,3.1,2.75,0.25,5,5,2.5,11,4.1,11,11,1,100,6,6,2,2,0,0,0,0,0,0,1,0.25,112.5,0,0,0,0,1,100,0,0,0,0,0,0,0,0,0,0,8.3,3.77,0.744,0,25,0,75,4.7,5,4.7,4.97,-0.27,0.53,0.44,1.8
168,2026,167,Will Shipley,PHI,RB,1,23.4,7,22.6,2,7.7,1.57,0.29,5,10,5.9,11,7.2,5.5,11,1,50,8,8,3,3,0,0,0,0,0,0,0,0,66.7,0,0,0,0,2,100,0,0,0,0,1,0,0,0,0,0,22.2,-1.44,-0.406,0,14.3,0,85.7,2.1,3,2.1,2.99,-0.89,0.3,0.43,3
169,2026,168,Elic Ayomanor,TEN,WR,1,82.5,27,75,3,8.3,0.41,0.11,10,30,12.8,11,6.1,3.67,11,1,33.3,1,1,1,1,0,0.07,0,2,1,0,1,0.037,5.6,1,4,0,0,1,33.3,0,0,0,0,2,1,50,0,0,0,11.1,-4.42,-1.378,92.6,7.4,0,0,2.1,1.8,2.1,1.81,0.29,0.08,0.07,1.8
170,2026,169,Jalen Royals,KC,WR,1,20.4,2,8,1,4.2,5.5,0.5,2,2,1.3,11,4.5,11,11,1,100,9,9,2,2,0,0,0,0,0,0,1,0.5,112.5,1,5.6,0,0,1,100,0,0,0,0,0,0,0,0,0,0,33.3,5.67,0.767,50,50,0,0,2.1,1.7,2.1,1.67,0.43,1.05,0.84,1.7
171,2026,170,Jaylen Waddle,DEN,WR,1,70,26,74.3,7,20.6,0.38,0.27,10.86,76,40.9,10,5.4,1.43,5,2,28.6,3,1.5,1,0.5,0,0.04,0,0,0,0,1,0.038,39.6,5,31.3,0,0,4,57.1,1,0,1,14.3,1,0,0,0,0,0,30.4,-6.5,-0.568,57.7,42.3,0,0,6.4,7.1,6.4,7.12,-0.72,0.12,0.25,6.5
172,2026,171,Tyler Allgeier,ARZ,RB,1,37,20,37,4,7.7,0.5,0.2,-5.5,-22,-7.2,10,3.6,2.5,2.5,4,100,32,8,10,2.5,0,0.05,0,1,0,0,1,0.05,79.2,1,3,1,25,4,100,0,0,0,0,0,0,0,0,2,0.5,15.4,-2.71,-0.147,0,10,0,90,4.9,7.1,4.9,7.14,-2.24,0.25,0.3,5.9
173,2026,172,Kaleb Johnson,GB,RB,1,34.9,14,25.9,2,3.8,0.71,0.14,0,0,0,10,3.2,5,10,1,50,10,10,9,9,0,0,0,0,0,0,1,0.071,64.6,0,0,0,0,1,50,0,0,0,0,0,0,0,0,1,1,13.3,-0.83,0.013,0,0,7.1,92.9,2.6,3.5,2.6,3.51,-0.91,0.14,0.12,1.7
174,2026,173,Zach Ertz,PHI,TE,1,38.3,11,35.5,2,7.7,0.82,0.18,4.5,9,5.3,9,5.9,4.5,9,1,50,5,5,1,1,0,0.03,0,1,0,0,0,0,62.5,2,11.8,0,0,1,50,0,0,0,0,0,0,0,0,0,0,16.7,-1.77,-0.417,0,45.5,54.5,0,1.9,1.9,1.9,1.85,0.05,0.17,0.17,1.9
175,2026,174,Olamide Zaccheaus,ATL,WR,1,36.4,8,32,2,8,1.13,0.25,0,0,0,9,3.5,4.5,4.5,2,100,9,4.5,4,2,0,0.02,0,0,0,0,0,0,85.4,2,10,1,50,2,100,0,0,0,0,0,0,0,0,2,1,20,-0.77,-0.431,12.5,87.5,0,0,2.9,3.3,2.9,3.29,-0.39,0.36,0.41,3.3
176,2026,175,John Bates,WAS,TE,1,55.4,13,37.1,1,3.2,0.69,0.08,2,2,0.9,9,4.9,9,9,1,100,7,7,3,3,0,0,0,0,0,0,0,0,104.2,1,4.5,0,0,1,100,0,0,0,0,0,0,0,0,0,0,8.3,2.63,0.755,7.7,0,92.3,0,1.9,1.7,1.9,1.69,0.21,0.15,0.13,1.7
177,2026,176,KaVontae Turpin,DAL,WR,1,15.5,5,11.1,2,5,1.8,0.4,7.5,15,5.2,9,3.3,4.5,9,1,50,6,6,5,5,0,0.14,0,1,0,0,1,0.2,62.5,2,7.7,0,0,1,50,0,0,0,0,0,0,0,0,1,1,40,-2.75,0.461,40,60,0,0,8.8,3.1,8.8,3.08,5.72,0.38,0.46,2.3
178,2026,177,Luke Schoonmaker,DAL,TE,1,22.5,5,11.1,1,2.5,1.8,0.2,6,6,2.1,9,3.3,9,9,1,100,3,3,0,0,0,0,0,0,0,0,0,0,104.2,1,3.8,0,0,1,100,0,0,0,0,0,0,0,0,0,0,16.7,1.91,0.802,0,0,100,0,1.9,1.9,1.9,1.86,0.04,0.38,0.37,1.9
179,2026,178,LeQuint Allen,JAX,RB,1,13.3,3,9.4,2,6.9,3,0.67,2,4,2.6,9,4.9,4.5,4.5,2,100,5,2.5,1,0.5,0,0,0,0,0,0,0,0,85.4,0,0,0,0,2,100,0,0,0,0,1,1,100,0,0,0,40,-1.89,-0.755,33.3,0,0,66.7,2.9,2.6,2.9,2.56,0.34,0.97,0.85,2.6
180,2026,179,Corey Kiner,NE,RB,1,13.3,2,5.4,1,3.2,4.5,0.5,-4,-4,-1.3,9,3.7,9,9,1,100,13,13,4,4,0,0.01,0,0,0,0,1,0.5,104.2,1,5,1,100,1,100,0,0,0,0,0,0,0,0,1,1,100,3.43,1.038,0,0,0,100,3.7,4.4,3.7,4.4,-0.7,0.95,0.78,1.6
181,2026,180,Terrance Ferguson,LA,TE,1,24.4,8,13.3,2,3.6,1.13,0.25,0,0,0,9,2.3,4.5,9,1,50,14,14,0,0,0,0.01,0,0,0,0,1,0.125,62.5,2,5.7,1,50,1,50,0,0,0,0,0,0,0,0,1,1,22.2,-0.93,0.341,12.5,37.5,50,0,1.9,1.5,1.9,1.53,0.37,0.24,0.19,1.5
182,2026,181,Quinshon Judkins,CLV,RB,1,54,12,31.6,2,6.5,0.75,0.17,-3,-6,-3.5,9,6.3,4.5,4.5,2,100,15,7.5,3,1.5,0,0.06,0,1,0,0,0,0,85.4,2,10.5,2,100,2,100,0,0,0,0,0,0,0,0,0,0,16.7,-1.38,0.181,16.7,0,0,83.3,9.9,12.2,9.9,12.19,-2.29,0.24,0.27,3.2
183,2026,182,KC Concepcion,CLV,WR,1,87.3,36,94.7,8,25.8,0.25,0.22,4.5,36,21.1,9,6.3,1.13,4.5,2,25,1,0.5,1,0.5,0,0.02,0,0,0,0,1,0.028,39.6,7,36.8,2,25,3,37.5,0,0,1,12.5,1,0,0,0,0,0,29.6,-5.52,-0.162,41.7,58.3,0,0,2.9,5.1,2.9,5.07,-2.17,0.08,0.14,5.1
184,2026,183,Chase Brown,CIN,RB,1,71.4,22,55,2,5.4,0.36,0.09,-1,-2,-0.8,8,2.8,4,4,2,100,10,5,2,1,0,0,0,0,0,0,1,0.045,83.3,0,0,0,0,2,100,0,0,0,0,0,0,0,0,0,0,8.3,-2.19,-0.218,0,9.1,4.5,86.4,8.9,9.7,8.9,9.75,-0.85,0.13,0.14,3.2
185,2026,184,Nate Adkins,DEN,TE,1,36.7,8,22.9,1,2.9,1,0.13,4,4,2.2,8,4.3,8,8,1,100,4,4,0,0,1,0.36,50,1,0,0,1,0.125,139.6,0,0,0,0,1,100,0,0,0,0,0,0,0,0,0,0,20,1.93,2.025,12.5,12.5,75,0,7.8,3.6,7.8,3.65,4.15,0.97,0.46,3.6
186,2026,185,Brian Thomas,JAX,WR,1,38.3,14,43.8,1,3.4,0.57,0.07,4,4,2.6,8,4.4,8,8,1,100,4,4,2,2,0,0.02,0,0,0,0,0,0,100,1,5,0,0,1,100,0,0,0,0,1,1,100,0,0,0,7.7,1.95,0.497,71.4,28.6,0,0,1.8,1.2,1.8,1.23,0.57,0.13,0.09,1.2
187,2026,186,Tez Johnson,TB,WR,1,21.9,11,23.9,2,5.4,0.73,0.18,24,48,12.6,8,3.7,4,8,1,50,3,3,0,0,0,0,0,0,0,0,0,0,60.4,2,8,0,0,1,50,1,0,0,0,0,0,0,0,0,0,28.6,-6.68,-0.068,72.7,27.3,0,0,1.8,1.8,1.8,1.85,-0.05,0.16,0.17,1.8
188,2026,187,Jackson Meeks,DET,TE,1,15.6,6,16.7,1,3.1,1.33,0.17,5,5,2.5,8,3,8,8,1,100,3,3,1,1,0,0,0,0,0,0,0,0,100,0,0,0,0,1,100,0,0,0,0,1,1,100,0,0,0,25,1.52,0.58,83.3,0,16.7,0,1.8,1.2,1.8,1.22,0.58,0.3,0.2,1.2
189,2026,188,Foster Moreau,HST,TE,1,56.9,9,29,3,11.1,0.78,0.33,10.33,31,9.7,7,4.2,2.33,3.5,2,66.7,3,1.5,0,0,1,1.35,100,2,2,1,1,0.111,109.7,2,11.1,0,0,3,100,1,0,0,0,1,0,0,0,0,0,30,-6.27,-0.014,11.1,11.1,77.8,0,8.7,11.8,8.7,11.75,-3.05,0.97,1.31,11.8
190,2026,189,Brock Wright,DET,TE,1,59.4,18,50,2,6.3,0.39,0.11,2.5,5,2.5,7,2.6,3.5,3.5,2,100,2,1,1,0.5,0,0,0,0,0,0,1,0.056,81.3,1,5,0,0,2,100,0,0,0,0,0,0,0,0,0,0,10.5,-2.38,0.262,11.1,16.7,72.2,0,2.7,3.4,2.7,3.43,-0.73,0.15,0.19,3.4
191,2026,190,MarShawn Lloyd,GB,RB,1,23.8,11,20.4,3,5.7,0.64,0.27,-4.33,-13,-3.4,7,2.2,2.33,3.5,2,66.7,16,8,0,0,0,0.01,0,0,0,0,0,0,70.1,2,5.1,2,66.7,2,66.7,0,0,0,0,0,0,0,0,0,0,27.3,-3.26,-0.109,18.2,9.1,0,72.7,3.8,6.3,3.8,6.28,-2.48,0.25,0.29,3.2
192,2026,191,Jacory Croskey-Merritt,WAS,RB,1,58.5,9,25.7,1,3.2,0.78,0.11,5,5,2.2,7,3.8,7,7,1,100,2,2,2,2,0,0,0,0,0,0,0,0,95.8,0,0,0,0,1,100,0,0,0,0,0,0,0,0,0,0,6.7,-0.23,0.464,0,0,0,100,5.3,11.4,5.3,11.45,-6.15,0.19,0.19,1.8
193,2026,192,Zachariah Branch,ATL,WR,1,16.7,5,20,2,8,1.4,0.4,6,12,7.7,7,2.7,3.5,7,1,50,11,11,6,6,0,0,0,0,0,0,0,0,58.3,2,10,1,50,1,50,0,0,0,0,0,0,0,0,1,1,50,-3.79,-0.429,40,60,0,0,1.7,1.5,1.7,1.53,0.17,0.34,0.31,1.5
194,2026,193,Jadarian Price,SEA,RB,1,26.6,9,19.1,3,6.5,0.78,0.33,8.33,25,8.9,7,1.8,2.33,7,1,33.3,5,5,2,2,0,0.01,0,0,0,0,0,0,42.4,1,3.2,0,0,2,66.7,1,0,0,0,2,0,0,0,0,0,25,-3.55,-0.124,0,0,0,100,2.2,4.8,2.2,4.81,-2.61,0.19,0.27,2.5
195,2026,194,Rachaad White,WAS,RB,1,41.5,13,37.1,1,3.2,0.46,0.08,9,9,3.9,6,3.3,6,6,1,100,0,0,0,0,1,0.81,33.3,1,1,1,1,0.077,131.3,0,0,0,0,1,100,0,0,0,0,1,1,100,0,0,0,6.7,-1.39,1.712,15.4,15.4,0,69.2,11.1,10,11.1,10.04,1.06,0.58,0.45,5.9
196,2026,195,Khalil Shakir,BUF,WR,1,71.4,20,64.5,3,11.5,0.3,0.15,3.67,11,4.4,6,2.9,2,6,1,33.3,2,2,0,0,0,0.09,0,1,0,0,1,0.05,42.4,2,16.7,0,0,3,100,0,0,0,0,2,0,0,0,0,0,17.6,-3.85,-0.041,30,55,15,0,1.6,4,1.6,4,-2.4,0.08,0.2,4
197,2026,196,Woody Marks,HST,RB,1,35.3,9,29,1,3.7,0.67,0.11,-4,-4,-1.3,6,3.6,6,6,1,100,10,10,3,3,0,0,0,0,0,0,0,0,91.7,1,5.6,1,100,1,100,0,0,0,0,0,0,0,0,0,0,9.1,0.43,-0.008,11.1,11.1,0,77.8,9.1,7.9,9.1,7.9,1.2,0.18,0.17,1.5
198,2026,197,TreVeyon Henderson,NE,RB,1,33.3,10,27,1,3.2,0.6,0.1,3,3,1,6,2.4,6,6,1,100,3,3,1,1,0,0,0,0,0,0,0,0,91.7,0,0,0,0,1,100,0,0,0,0,0,0,0,0,0,0,11.1,-0.51,0.257,10,0,0,90,3.9,5.9,3.9,5.91,-2.01,0.16,0.17,1.7
199,2026,198,Hunter Henry,NE,TE,1,66.7,23,62.2,2,6.5,0.22,0.09,7,14,4.6,5,2,2.5,5,1,50,5,5,1,1,0,0,0,0,0,0,0,0,56.3,2,10,0,0,1,50,0,0,0,0,0,0,0,0,0,0,9.1,-5.29,-0.692,13,47.8,39.1,0,1.5,1.7,1.5,1.66,-0.16,0.07,0.07,1.7
200,2026,199,Samaje Perine,CIN,RB,1,30.4,13,32.5,3,8.1,0.38,0.23,2,6,2.3,5,1.8,1.67,5,1,33.3,3,3,0,0,0,0.01,0,0,0,0,0,0,42.4,0,0,0,0,1,33.3,0,0,0,0,0,0,0,0,0,0,21.4,-4.54,-1.397,0,0,23.1,76.9,2.4,3.8,2.4,3.76,-1.36,0.12,0.13,1.7
201,2026,200,Alvin Kamara,NO,RB,1,31.9,12,26.7,1,2.4,0.42,0.08,3,3,1,5,2,5,5,1,100,2,2,1,1,0,0,0,0,0,0,0,0,87.5,0,0,0,0,1,100,0,0,0,0,0,0,0,0,0,0,7.7,-1.51,-0.341,0,0,0,100,5.1,6.2,5.1,6.22,-1.12,0.13,0.14,1.7
202,2026,201,Dawson Knox,BUF,TE,1,68.3,16,51.6,1,3.8,0.31,0.06,3,3,1.2,5,2.5,5,5,1,100,2,2,1,1,0,0,0,0,0,0,0,0,87.5,0,0,0,0,1,100,0,0,0,0,0,0,0,0,0,0,6.7,-1.32,-0.078,12.5,37.5,50,0,1.5,2.1,1.5,2.07,-0.57,0.09,0.11,1.7
203,2026,202,Kyle Pitts,ATL,TE,1,60.6,16,64,2,8,0.31,0.13,4,8,5.1,5,2,2.5,5,1,50,1,1,0,0,0,0,0,0,0,0,0,0,56.3,1,5,0,0,1,50,0,0,0,0,0,0,0,0,0,0,11.1,-3.57,-0.262,37.5,18.8,43.8,0,1.5,1.7,1.5,1.69,-0.19,0.09,0.11,1.7
204,2026,203,Javonte Williams,DAL,RB,1,76.1,23,51.1,2,5,0.22,0.09,-2.5,-5,-1.7,5,1.8,2.5,2.5,2,100,10,5,7,3.5,0,0.04,0,0,0,0,1,0.043,79.2,0,0,0,0,2,100,0,0,0,0,0,0,0,0,0,0,7.4,-3.19,0.836,8.7,0,0,91.3,18.4,16.1,18.4,16.09,2.31,0.11,0.14,3.2
205,2026,204,Hunter Long,ARZ,TE,1,32.1,6,11.1,1,1.9,0.83,0.17,4,4,1.3,5,1.8,5,5,1,100,1,1,0,0,0,0,0,0,0,0,0,0,87.5,0,0,0,0,1,100,0,0,0,0,0,0,0,0,0,0,12.5,-1.07,-0.177,0,0,100,0,1.5,1.7,1.5,1.72,-0.22,0.25,0.29,1.7
206,2026,205,Kendre Miller,NO,RB,1,19.4,8,17.8,3,7.1,0.63,0.38,-2,-6,-2,5,2,1.67,2.5,2,66.7,4,2,1,0.5,0,0.02,0,0,0,0,0,0,70.1,2,7.4,0,0,3,100,0,0,1,33.3,0,0,0,0,0,0,30,-3.7,-0.37,0,0,0,100,3.9,6.8,3.9,6.77,-2.87,0.31,0.59,4.7
207,2026,206,Tank Bigsby,PHI,RB,1,4.3,2,6.5,1,3.8,2.5,0.5,0,0,0,5,3.3,5,5,1,100,5,5,3,3,0,0,0,0,0,0,0,0,87.5,0,0,0,0,1,100,0,0,0,0,0,0,0,0,0,0,50,-0.83,-4.042,0,0,0,100,0.5,1.6,0.5,1.63,-1.13,0.75,0.82,1.6
208,2026,207,Chris Moore,BLT,WR,1,50,8,36.4,1,5,0.5,0.13,12,12,6.3,4,2.2,4,4,1,100,0,0,0,0,1,0.86,50,1,1,1,1,0.125,122.9,1,7.1,0,0,1,100,0,0,0,0,0,0,0,0,0,0,12.5,-5.05,1.074,87.5,12.5,0,0,7.4,6.3,7.4,6.3,1.1,0.93,0.79,6.3
209,2026,208,Johnny Mundt,PHI,TE,1,51.1,9,29,1,3.8,0.44,0.11,-6,-6,-3.6,4,2.6,4,4,1,100,10,10,0,0,0,0.01,0,0,0,0,0,0,83.3,0,0,0,0,1,100,0,0,0,0,0,0,0,0,0,0,9.1,-3.12,-1.162,11.1,55.6,33.3,0,1.4,1.6,1.4,1.56,-0.16,0.16,0.17,1.6
210,2026,209,Cody White,LV,WR,1,20.6,6,16.2,3,9.1,0.67,0.5,5.33,16,6.2,4,1.6,1.33,4,1,33.3,0,0,0,0,1,0.84,33.3,2,1,1,1,0.167,81.9,1,4.5,0,0,2,66.7,0,0,0,0,2,1,50,0,0,0,60,-5.11,0.132,100,0,0,0,7.4,6.7,7.4,6.74,0.66,1.23,1.12,6.7
211,2026,210,J.K. Dobbins,DEN,RB,1,51.7,5,14.3,1,2.9,0.8,0.2,-1,-1,-0.5,4,2.2,4,4,1,100,5,5,2,2,0,0,0,0,0,0,0,0,83.3,1,6.3,0,0,1,100,0,0,0,0,0,0,0,0,0,0,14.3,-1.82,-0.139,0,20,0,80,6.3,11.4,6.3,11.42,-5.12,0.28,0.31,1.6
212,2026,211,Jonathan Taylor,IND,RB,1,87.3,27,65.9,3,8.3,0.15,0.11,-4.33,-13,-4.8,4,1.7,1.33,2,2,66.7,11,5.5,2,1,0,0.03,0,1,0,0,0,0,70.1,2,6.9,2,66.7,2,66.7,0,0,0,0,0,0,0,0,0,0,9.4,-4.26,-0.341,3.7,7.4,0,88.9,9.2,14.5,9.2,14.49,-5.29,0.09,0.11,3.1
213,2026,212,D'Andre Swift,CHI,RB,1,69.6,15,42.9,3,8.8,0.27,0.2,0,0,0,4,1.6,1.33,2,2,66.7,5,2.5,2,1,0,0.02,0,0,0,0,1,0.067,70.1,2,6.9,1,33.3,3,100,0,0,0,0,1,0,0,0,0,0,12.5,-4.75,-0.134,6.7,0,0,93.3,10.8,19.4,10.8,19.39,-8.59,0.16,0.28,4.2
214,2026,213,Chris Brooks,GB,RB,1,41.3,20,37,1,1.9,0.2,0.05,-1,-1,-0.3,4,1.3,4,4,1,100,5,5,2,2,0,0,0,0,0,0,0,0,83.3,0,0,0,0,1,100,0,0,0,0,0,0,0,0,0,0,4.5,-1.82,-0.12,5,0,0,95,1.4,1.6,1.4,1.6,-0.2,0.07,0.08,1.6
215,2026,214,Brashard Smith,KC,RB,1,8.2,1,4,1,4.2,4,1,-3,-3,-2,4,1.6,4,4,1,100,7,7,0,0,0,0.03,0,1,0,0,0,0,83.3,1,5.6,1,100,1,100,0,0,0,0,0,0,0,0,0,0,100,-2.12,-0.144,100,0,0,0,1.4,1.6,1.4,1.61,-0.21,1.4,1.61,1.6
216,2026,215,Sterling Shepard,NYJ,WR,1,52.5,26,59.1,1,2.7,0.12,0.04,2,2,0.6,3,0.9,3,3,1,100,1,1,1,1,0,0,0,0,0,0,0,0,79.2,1,3.7,0,0,1,100,0,0,0,0,0,0,0,0,0,0,5.3,-2.33,-0.22,30.8,69.2,0,0,3.3,1.7,3.3,1.67,1.63,0.05,0.06,1.7
217,2026,216,Kenneth Walker,KC,RB,1,73.5,14,56,2,8.3,0.21,0.14,-4,-8,-5.3,3,1.2,1.5,1.5,2,100,11,5.5,1,0.5,1,0.32,50,2,0,0,1,0.071,118.8,2,11.1,2,100,2,100,0,0,0,0,0,0,0,0,0,0,12.5,-4.5,0.624,0,7.1,0,92.9,21.3,15.1,21.3,15.15,6.15,0.59,0.32,4.4
218,2026,217,Braelon Allen,NYJ,RB,1,47.5,17,38.6,3,8.1,0.18,0.18,-1.67,-5,-1.5,3,0.9,1,1,3,100,8,2.67,2,0.67,0,0.04,0,1,0,0,0,0,79.2,0,0,0,0,3,100,0,0,0,0,0,0,0,0,0,0,14.3,-5.33,-0.63,0,5.9,0,94.1,4.7,7,4.7,7.04,-2.34,0.19,0.29,4.9
219,2026,218,Chimere Dike,TEN,WR,1,10.5,2,5.6,1,2.8,1.5,0.5,4,4,1.7,3,1.7,3,3,1,100,-1,-1,0,0,0,0,0,0,0,0,0,0,79.2,1,4,0,0,1,100,0,0,0,0,0,0,0,0,0,0,50,-3.05,-0.209,50,50,0,0,1.3,1.7,1.3,1.68,-0.38,0.65,0.84,1.7
220,2026,219,Kevin Coleman,MIA,WR,1,61.2,24,57.1,4,11.1,0.13,0.17,18.25,73,22.5,3,1.4,0.75,3,1,25,-1,-1,-1,-1,0,0.15,0,0,0,0,0,0,39.6,4,13.8,0,0,2,50,1,0,0,0,2,0,0,0,0,0,17.4,-8.78,-0.896,66.7,33.3,0,0,1.3,5.9,1.3,5.86,-4.56,0.05,0.24,5.9
221,2026,220,Robert Tonyan,PIT,TE,1,6.8,2,5.4,1,2.9,1,0.5,0,0,0,2,0.7,2,2,1,100,2,2,2,2,0,0.06,0,1,0,0,0,0,79.2,1,4.8,0,0,1,100,0,0,0,0,0,0,0,0,0,0,50,-3.29,-0.437,0,100,0,0,1.2,1.9,1.2,1.86,-0.66,0.6,0.93,1.9
222,2026,221,Colson Yankoff,WAS,TE,1,44.6,12,34.3,2,6.5,0.17,0.17,-4,-8,-3.4,2,1.1,1,2,1,50,4,4,0,0,0,0.01,0,0,0,0,0,0,56.3,1,4.5,0,0,1,50,0,0,0,0,0,0,0,0,0,0,15.4,-4.98,-0.881,33.3,50,8.3,8.3,1.2,1.5,1.2,1.54,-0.34,0.1,0.13,1.5
223,2026,222,Colbie Young,CIN,WR,1,1.8,1,2.5,1,2.7,2,1,0,0,0,2,0.7,2,2,1,100,2,2,1,1,0,0,0,0,0,0,0,0,79.2,1,3.8,0,0,1,100,0,0,0,0,0,0,0,0,0,0,100,-4.04,-0.536,0,100,0,0,1.2,1.6,1.2,1.62,-0.42,1.2,1.62,1.6
224,2026,223,Jauan Jennings,MIN,WR,1,78.2,26,76.5,2,6.9,0.04,0.08,10,20,8.9,1,0.6,0.5,1,1,50,-1,-1,0,0,0,0,0,0,0,0,0,0,56.3,2,9.5,0,0,1,50,0,0,0,0,0,0,0,0,0,0,11.1,-7.62,-1.27,30.8,69.2,0,0,1.1,1.6,1.1,1.64,-0.54,0.04,0.06,1.6
225,2026,224,Efton Chism,NE,WR,1,21.7,6,16.2,2,6.5,0.17,0.33,5.5,11,3.6,1,0.4,0.5,1,1,50,1,1,3,3,0,0.02,0,1,1,0,0,0,16.7,2,10,0,0,1,50,0,0,0,0,0,0,0,0,0,0,40,-6.68,-2.345,66.7,33.3,0,0,1.7,2.2,1.74,2.21,-0.47,0.18,0.28,1.7
226,2026,225,Zavion Thomas,CHI,WR,1,8.7,1,2.9,1,2.9,1,1,-4,-4,-2,1,0.4,1,1,1,100,5,5,1,1,0,0.01,0,0,0,0,0,0,79.2,1,3.4,1,100,1,100,0,0,0,0,0,0,0,0,0,0,100,-3.49,-0.755,0,100,0,0,1.1,1.5,1.1,1.55,-0.45,1.1,1.55,1.5
227,2026,226,Odell Beckham,NYG,WR,1,10.3,4,15.4,1,4.5,0,0.25,18,18,15,0,0,0,0,0,0,0,0,0,0,0,0,0,0,0,0,0,0,39.6,1,6.3,0,0,0,0,0,0,0,0,0,0,0,0,0,0,33.3,-10.9,-0.767,75,25,0,0,0,0,0,0.01,-0.01,0,0,0
228,2026,227,Chris Manhertz,NYG,TE,1,41.4,4,15.4,0,0,0,0,,0,0,0,0,,,0,,0,,0,,0,0,0,0,0,0,0,0,,0,0,0,,0,,0,,0,,0,0,,0,0,,0,,,0,0,100,0,0,0,0,0,0,0,0,0
229,2026,228,Ameer Abdullah,JAX,RB,1,10,3,9.4,1,3.4,0,0.33,-4,-4,-2.6,0,0,0,0,0,0,0,0,0,0,0,0,0,1,0,0,0,0,39.6,1,5,1,100,0,0,0,0,0,0,0,0,0,0,0,0,33.3,-5.57,-0.45,33.3,33.3,0,33.3,0.2,1.3,0.2,1.28,-1.08,0,0,0
230,2026,229,Derrick Henry,BLT,RB,1,70.7,9,40.9,1,5,0,0.11,-5,-5,-2.6,0,0,0,0,1,100,5,5,1,1,0,0,0,0,0,0,0,0,79.2,0,0,0,0,1,100,0,0,0,0,0,0,0,0,0,0,11.1,-5.87,-0.6,0,0,0,100,21.9,25.2,21.9,25.21,-3.31,0.11,0.16,1.4
231,2026,230,David Moore,CAR,WR,1,5.4,3,5.9,1,2.1,0,0.33,18,18,5.1,0,0,0,0,0,0,0,0,0,0,0,0,0,0,0,0,0,0,39.6,1,3.7,0,0,0,0,0,0,0,0,0,0,0,0,0,0,100,-10.9,-0.169,100,0,0,0,0,0,0,0.01,-0.01,0,0,0
232,2026,231,Evan Engram,DEN,TE,1,56.7,24,68.6,1,2.9,0,0.04,1,1,0.5,0,0,0,0,0,0,0,0,0,0,0,0,0,0,0,0,0,0,39.6,0,0,0,0,0,0,0,0,0,0,0,0,0,0,0,0,5.3,-5.78,-1.598,25,4.2,70.8,0,0,0,0,0.01,-0.01,0,0,0
233,2026,232,Marquez Valdes-Scantling,LAC,WR,1,3.1,2,5.3,1,2.9,0,0.5,23,23,8.3,0,0,0,0,0,0,0,0,0,0,0,0,0,0,1,0,0,0,0,1,4.8,0,0,0,0,1,0,0,0,0,0,0,0,0,0,50,-10.22,-5.82,50,50,0,0,0,0,0,0.02,-0.02,0,0.01,0
234,2026,233,Braxton Berrios,NYG,WR,1,8.6,5,19.2,0,0,0,0,,0,0,0,0,,,0,,0,,0,,0,0,0,0,0,0,0,0,,0,0,0,,0,,0,,0,,0,0,,0,0,,0,,,20,80,0,0,0,0,0,0,0,0,0,0
235,2026,234,Durham Smythe,BLT,TE,1,53.4,4,18.2,0,0,0,0,,0,0,0,0,,,0,,0,,0,,0,0,0,0,0,0,0,0,,0,0,0,,0,,0,,0,,0,0,,0,0,,0,,,25,0,75,0,0,0,0,0,0,0,0,0
236,2026,235,Calvin Ridley,TEN,WR,1,31.6,9,25,1,2.8,0,0.11,7,7,3,0,0,0,0,0,0,0,0,0,0,0,0,0,0,0,0,0,0,39.6,1,4,0,0,1,100,0,0,1,100,0,0,0,0,0,0,10,-7.06,-1.536,100,0,0,0,0,1.9,0,1.91,-1.91,0,0.21,1.9
237,2026,236,KhaDarel Hodge,SF,WR,1,56,14,50,0,0,0,0,,0,0,0,0,,,0,,0,,0,,0,0,0,0,0,0,0,0,,0,0,0,,0,,0,,0,,0,0,,0,0,,0,,,78.6,21.4,0,0,0,0,0,0,0,0,0,0
238,2026,237,Justice Hill,BLT,RB,1,29.3,11,50,0,0,0,0,,0,0,0,0,,,0,,0,,0,,0,0,0,0,0,0,0,0,,0,0,0,,0,,0,,0,,0,0,,0,0,,0,,,9.1,0,0,90.9,3.3,2.6,3.3,2.61,0.69,0,0,0
239,2026,238,Josh Oliver,MIN,TE,1,40,4,11.8,0,0,0,0,,0,0,0,0,,,0,,0,,0,,0,0,0,0,0,0,0,0,,0,0,0,,0,,0,,0,,0,0,,0,0,,0,,,0,0,100,0,0,0,0,0,0,0,0,0
240,2026,239,Greg Dortch,BUF,WR,1,6.3,2,6.5,0,0,0,0,,0,0,0,0,,,0,,0,,0,,0,0,0,0,0,0,0,0,,0,0,0,,0,,0,,0,,0,0,,0,0,,0,,,100,0,0,0,0,0,0,0,0,0,0,0
241,2026,240,Travis Homer,PIT,RB,1,5.1,1,2.7,0,0,0,0,,0,0,0,0,,,0,,0,,0,,0,0,0,0,0,0,0,0,,0,0,0,,0,,0,,0,,0,0,,0,0,,0,,,0,0,0,100,0,0.8,0,0.82,-0.82,0,0,0
242,2026,241,Drew Sample,CIN,TE,1,50,14,35,2,5.4,0,0.14,0.5,1,0.4,0,0,0,0,1,50,4,4,0,0,0,0.01,0,0,0,0,0,0,56.3,0,0,0,0,1,50,0,0,0,0,1,0,0,0,0,0,11.8,-6.41,-0.512,0,7.1,78.6,14.3,1,1.5,1,1.54,-0.54,0.07,0.11,1.5
243,2026,242,Colby Parkinson,LA,TE,1,43.9,12,20,1,1.8,0,0.08,3,3,0.6,0,0,0,0,0,0,0,0,0,0,0,0.2,0,1,0,0,0,0,39.6,1,2.9,0,0,1,100,0,0,1,100,0,0,0,0,0,0,6.3,-6.32,-0.52,25,8.3,66.7,0,0,1.9,0,1.93,-1.93,0,0.16,1.9
244,2026,243,Cole Kmet,CHI,TE,1,62.3,14,40,1,2.9,0,0.07,6,6,3,0,0,0,0,0,0,0,0,0,0,0,0.01,0,0,0,0,0,0,39.6,1,3.4,0,0,1,100,0,0,1,100,0,0,0,0,0,0,5.9,-7.09,-0.594,21.4,14.3,64.3,0,0,1.9,0,1.89,-1.89,0,0.14,1.9
245,2026,244,Jerry Jeudy,CLV,WR,1,50.8,26,68.4,0,0,0,0,,0,0,0,0,,,0,,0,,0,,0,0,0,0,0,0,0,0,,0,0,0,,0,,0,,0,,0,0,,0,0,,0,,,73.1,26.9,0,0,0,0,0,0,0,0,0,0
246,2026,245,Adam Trautman,DEN,TE,1,45,7,20,0,0,0,0,,0,0,0,0,,,0,,0,,0,,0,0,0,0,0,0,0,0,,0,0,0,,0,,0,,0,,0,0,,0,0,,0,,,14.3,0,85.7,0,0,0,0,0,0,0,0,0
247,2026,246,DeeJay Dallas,MIN,RB,1,12.7,1,2.9,0,0,0,0,,0,0,0,0,,,0,,0,,0,,0,0,0,0,0,0,0,0,,0,0,0,,0,,0,,0,,0,0,,0,0,,0,,,0,0,0,100,0.2,0.4,0.2,0.4,-0.2,0,0,0
248,2026,247,Charlie Woerner,ATL,TE,1,59.1,6,24,0,0,0,0,,0,0,0,0,,,0,,0,,0,,0,0,0,0,0,0,0,0,,0,0,0,,0,,0,,0,,0,0,,0,0,,0,,,0,0,100,0,0,0,0,0,0,0,0,0
249,2026,248,Chris Blair,ATL,WR,1,18.2,2,8,0,0,0,0,,0,0,0,0,,,0,,0,,0,,0,0,0,0,0,0,0,0,,0,0,0,,0,,0,,0,,0,0,,0,0,,0,,,100,0,0,0,2,0,2,0,2,0,0,0
250,2026,249,Quintin Morris,JAX,TE,1,30,2,6.3,0,0,0,0,,0,0,0,0,,,0,,0,,0,,0,0,0,0,0,0,0,0,,0,0,0,,0,,0,,0,,0,0,,0,0,,0,,,0,0,100,0,0,0,0,0,0,0,0,0
251,2026,250,Dyami Brown,WAS,WR,1,26.2,8,22.9,1,3.2,0,0.13,21,21,9.1,0,0,0,0,0,0,0,0,0,0,0,0.01,0,0,0,0,0,0,39.6,1,4.5,0,0,1,100,1,0,0,0,0,0,0,0,0,0,12.5,-11.24,-0.977,75,25,0,0,0,3.4,0,3.39,-3.39,0,0.42,3.4
252,2026,251,Tylan Wallace,CLV,WR,1,22.2,5,13.2,0,0,0,0,,0,0,0,0,,,0,,0,,0,,0,0,0,0,0,0,0,0,,0,0,0,,0,,0,,0,,0,0,,0,0,,0,,,20,80,0,0,0,0,0,0,0,0,0,0
253,2026,252,Luke Farrell,SF,TE,1,32,5,17.9,1,3.7,0,0.2,26,26,10.2,0,0,0,0,0,0,0,0,0,0,0,0.04,0,0,0,0,0,0,39.6,0,0,0,0,1,100,1,0,0,0,0,0,0,0,0,0,11.1,-11.15,-0.559,20,20,60,0,0,4.4,0,4.45,-4.45,0,0.89,4.4
254,2026,253,Najee Harris,NYG,RB,1,20.7,3,11.5,0,0,0,0,,0,0,0,0,,,0,,0,,0,,0,0,0,0,0,0,0,0,,0,0,0,,0,,0,,0,,0,0,,0,0,,0,,,33.3,0,0,66.7,5.2,4.5,5.2,4.45,0.75,0,0,0
255,2026,254,Elijah Moore,PHI,WR,1,14.9,3,9.7,0,0,0,0,,0,0,0,0,,,0,,0,,0,,0,0,0,0,0,0,0,0,,0,0,0,,0,,0,,0,,0,0,,0,0,,0,,,33.3,66.7,0,0,0,0,0,0,0,0,0,0
256,2026,255,Josh Palmer,BUF,WR,1,31.7,12,38.7,0,0,0,0,,0,0,0,0,,,0,,0,,0,,0,0,0,0,0,0,0,0,,0,0,0,,0,,0,,0,,0,0,,0,0,,0,,,50,50,0,0,0,0,0,0,0,0,0,0
257,2026,256,Bo Melton,GB,WR,1,33.3,17,31.5,1,1.9,0,0.06,30,30,7.7,0,0,0,0,0,0,0,0,0,0,0,0,0,0,1,0,0,0,39.6,1,2.6,0,0,0,0,1,0,0,0,0,0,0,0,0,0,5.9,-9.19,-0.314,29.4,70.6,0,0,0,0,0,0,0,0,0,0
258,2026,257,Dareke Young,LV,WR,1,15.9,4,10.8,0,0,0,0,,0,0,0,0,,,0,,0,,0,,0,0,0,0,0,0,0,0,,0,0,0,,0,,0,,0,,0,0,,0,0,,0,,,100,0,0,0,0,0,0,0,0,0,0,0
259,2026,258,Kevin Austin,NO,WR,1,12.5,2,4.4,0,0,0,0,,0,0,0,0,,,0,,0,,0,,0,0,0,0,0,0,0,0,,0,0,0,,0,,0,,0,,0,0,,0,0,,0,,,0,100,0,0,0,0,0,0,0,0,0,0
260,2026,259,James Cook,BUF,RB,1,65.1,10,32.3,1,3.8,0,0.1,-3,-3,-1.2,0,0,0,0,0,0,0,0,0,0,0,0,0,0,0,0,0,0,39.6,0,0,0,0,1,100,0,0,1,100,0,0,0,0,0,0,10,-6.12,-0.367,0,0,0,100,20.4,16.6,20.4,16.57,3.83,0,0.15,1.5
261,2026,260,Andrew Ogletree,IND,TE,1,28.2,3,7.3,0,0,0,0,,0,0,0,0,,,0,,0,,0,,0,0,0,0,0,0,0,0,,0,0,0,,0,,0,,0,,0,0,,0,0,,0,,,0,33.3,66.7,0,0,0,0,0,0,0,0,0
262,2026,261,Nick Muse,ATL,TE,1,22.7,1,4,0,0,0,0,,0,0,0,0,,,0,,0,,0,,0,0,0,0,0,0,0,0,,0,0,0,,0,,0,,0,,0,0,,0,0,,0,,,0,0,100,0,0,0,0,0,0,0,0,0
263,2026,262,Jalen Tolbert,MIA,WR,1,13.4,3,7.1,0,0,0,0,,0,0,0,0,,,0,,0,,0,,0,0,0,0,0,0,0,0,,0,0,0,,0,,0,,0,,0,0,,0,0,,0,,,100,0,0,0,0,0,0,0,0,0,0,0
264,2026,263,Brian Robinson,ATL,RB,1,25.8,4,16,0,0,0,0,,0,0,0,0,,,0,,0,,0,,0,0,0,0,0,0,0,0,,0,0,0,,0,,0,,0,,0,0,,0,0,,0,,,0,0,0,100,11,5.6,11,5.64,5.36,0,0,0
265,2026,264,Xavier Smith,LA,WR,1,45.1,28,46.7,0,0,0,0,,0,0,0,0,,,0,,0,,0,,0,0,0,0,0,0,0,0,,0,0,0,,0,,0,,0,,0,0,,0,0,,0,,,39.3,60.7,0,0,0,0,0,0,0,0,0,0
266,2026,265,E.J. Jenkins,PHI,TE,1,27.7,3,9.7,0,0,0,0,,0,0,0,0,,,0,,0,,0,,0,0,0,0,0,0,0,0,,0,0,0,,0,,0,,0,,0,0,,0,0,,0,,,33.3,33.3,33.3,0,0,0,0,0,0,0,0,0
267,2026,266,Cameron Latu,NE,TE,1,16.7,1,2.7,0,0,0,0,,0,0,0,0,,,0,,0,,0,,0,0,0,0,0,0,0,0,,0,0,0,,0,,0,,0,,0,0,,0,0,,0,,,0,0,100,0,0,0,0,0,0,0,0,0
268,2026,267,Derius Davis,LAC,WR,1,1.6,1,2.6,0,0,0,0,,0,0,0,0,,,0,,0,,0,,0,0,0,0,0,0,0,0,,0,0,0,,0,,0,,0,,0,0,,0,0,,0,,,0,100,0,0,0,0,0,0,0,0,0,0
269,2026,268,Josh Whyle,GB,TE,1,1.6,1,1.9,0,0,0,0,,0,0,0,0,,,0,,0,,0,,0,0,0,0,0,0,0,0,,0,0,0,,0,,0,,0,,0,0,,0,0,,0,,,0,100,0,0,0,0,0,0,0,0,0,0
270,2026,269,Chris Rodriguez,JAX,RB,1,21.7,2,6.3,0,0,0,0,,0,0,0,0,,,0,,0,,0,,0,0,0,0,0,0,0,0,,0,0,0,,0,,0,,0,,0,0,,0,0,,0,,,0,0,0,100,9.7,4.8,9.7,4.8,4.9,0,0,0
271,2026,270,Jalen Brooks,ARZ,WR,1,4.9,2,3.7,1,1.9,0,0.5,12,12,3.9,0,0,0,0,0,0,0,0,0,0,0,0,0,0,0,0,0,0,39.6,1,3,0,0,0,0,0,0,0,0,0,0,0,0,0,0,50,-9.05,-0.537,50,50,0,0,0,0,0,0,0,0,0,0
272,2026,271,Blake Whiteheart,CLV,TE,1,36.5,7,18.4,0,0,0,0,,0,0,0,0,,,0,,0,,0,,0,0,0,0,0,0,0,0,,0,0,0,,0,,0,,0,,0,0,,0,0,,0,,,0,14.3,85.7,0,0,0,0,0,0,0,0,0
273,2026,272,Jaleel McLaughlin,CLV,RB,1,4.8,2,5.3,0,0,0,0,,0,0,0,0,,,0,,0,,0,,0,0,0,0,0,0,0,0,,0,0,0,,0,,0,,0,,0,0,,0,0,,0,,,0,50,0,50,0,0,0,0,0,0,0,0
274,2026,273,Emanuel Wilson,SEA,RB,1,37.5,13,27.7,0,0,0,0,,0,0,0,0,,,0,,0,,0,,0,0,0,0,0,0,0,0,,0,0,0,,0,,0,,0,,0,0,,0,0,,0,,,0,0,0,100,1.4,8.1,1.4,8.1,-6.7,0,0,0
275,2026,274,Tyjae Spears,TEN,RB,1,45.6,16,44.4,0,0,0,0,,0,0,0,0,,,0,,0,,0,,0,0,0,0,0,0,0,0,,0,0,0,,0,,0,,0,,0,0,,0,0,,0,,,6.3,6.3,0,87.5,0.5,1.4,0.5,1.41,-0.91,0,0,0
276,2026,275,De'Von Achane,MIA,RB,1,6,1,2.4,1,2.8,0,1,9,9,2.8,0,0,0,0,0,0,0,0,0,0,0,0,0,0,0,0,0,0,39.6,1,3.4,0,0,1,100,0,0,1,100,0,0,0,0,0,0,100,-7.39,-0.594,0,100,0,0,1.7,3.3,1.7,3.35,-1.65,0,2.05,2.1
277,2026,276,Payne Durham,TB,TE,1,54.7,8,17.4,1,2.7,0,0.13,4,4,1,0,0,0,0,0,0,0,0,0,0,0,0,0,0,0,0,0,0,39.6,0,0,0,0,1,100,0,0,1,100,0,0,0,0,0,0,6.7,-6.07,-0.956,0,0,12.5,87.5,0,1.8,0,1.76,-1.76,0,0.22,1.8
278,2026,277,Jonathan Mingo,DAL,WR,1,15.5,3,6.7,0,0,0,0,,0,0,0,0,,,0,,0,,0,,0,0,0,0,0,0,0,0,,0,0,0,,0,,0,,0,,0,0,,0,0,,0,,,66.7,33.3,0,0,0,0,0,0,0,0,0,0
279,2026,278,Cade Stover,HST,TE,1,45.1,4,12.9,0,0,0,0,,0,0,0,0,,,0,,0,,0,,0,0,0,0,0,0,0,0,,0,0,0,,0,,0,,0,,0,0,,0,0,,0,,,0,50,25,25,0,0,0,0,0,0,0,0
280,2026,279,Jacob Cowing,SF,WR,1,32,13,46.4,1,3.7,0,0.08,15,15,5.9,0,0,0,0,0,0,0,0,0,0,0,0,0,0,0,0,0,0,39.6,0,0,0,0,1,100,0,0,0,0,1,0,0,0,0,0,9.1,-10.41,-0.755,76.9,23.1,0,0,0,1.3,0,1.34,-1.34,0,0.1,1.3
281,2026,280,Dylan Laube,LV,RB,1,4.8,1,2.7,0,0,0,0,,0,0,0,0,,,0,,0,,0,,0,0,0,0,0,0,0,0,,0,0,0,,0,,0,,0,,0,0,,0,0,,0,,,0,100,0,0,0,0,0,0,0,0,0,0
282,2026,281,Hayden Rucci,LAC,TE,1,40.6,5,13.2,0,0,0,0,,0,0,0,0,,,0,,0,,0,,0,0,0,0,0,0,0,0,,0,0,0,,0,,0,,0,,0,0,,0,0,,0,,,0,0,100,0,0,0,0,0,0,0,0,0
283,2026,282,Kameron Johnson,TB,WR,1,1.6,1,2.2,0,0,0,0,,0,0,0,0,,,0,,0,,0,,0,0,0,0,0,0,0,0,,0,0,0,,0,,0,,0,,0,0,,0,0,,0,,,100,0,0,0,0,0,0,0,0,0,0,0
284,2026,283,Blake Corum,LA,RB,1,29.3,13,21.7,3,5.5,0,0.23,1.67,5,1,0,0,0,0,2,66.7,-1,-0.5,0,0,0,0,0,0,0,0,0,0,70.1,0,0,0,0,3,100,0,0,1,33.3,0,0,0,0,0,0,23.1,-6.07,-0.615,0,0,0,100,3.5,7.6,3.5,7.57,-4.07,0.15,0.38,4.9
285,2026,284,Jordan Whittington,LA,WR,1,23.2,14,23.3,0,0,0,0,,0,0,0,0,,,0,,0,,0,,0,0,0,0,0,0,0,0,,0,0,0,,0,,0,,0,,0,0,,0,0,,0,,,35.7,64.3,0,0,0,0,0,0,0,0,0,0
286,2026,285,Devontez Walker,BLT,WR,1,29.3,7,31.8,1,5,0,0.14,52,52,27.4,0,0,0,0,0,0,0,0,0,0,0,0.01,0,0,0,0,0,0,39.6,0,0,0,0,1,100,1,0,0,0,1,0,0,0,0,0,16.7,-15,-1.103,100,0,0,0,0,3.5,0,3.54,-3.54,0,0.51,3.5
287,2026,286,Erick All,CIN,TE,1,21.4,5,12.5,0,0,0,0,,0,0,0,0,,,0,,0,,0,,0,0,0,0,0,0,0,0,,0,0,0,,0,,0,,0,,0,0,,0,0,,0,,,20,40,40,0,0,0,0,0,0,0,0,0
288,2026,287,Theo Johnson,NYG,TE,1,19,7,26.9,0,0,0,0,,0,0,0,0,,,0,,0,,0,,0,0,0,0,0,0,0,0,,0,0,0,,0,,0,,0,,0,0,,0,0,,0,,,28.6,42.9,28.6,0,0,0,0,0,0,0,0,0
289,2026,288,Jalen McMillan,TB,WR,1,3.1,1,2.2,1,2.7,0,1,16,16,4.2,0,0,0,0,0,0,0,0,0,0,0,0,0,0,0,0,0,0,39.6,1,4,0,0,1,100,0,0,0,0,1,0,0,0,0,0,100,-10.1,-1.635,0,100,0,0,0,1.5,0,1.45,-1.45,0,1.45,1.5
290,2026,289,Ray Davis,BUF,RB,1,6.3,3,9.7,0,0,0,0,,0,0,0,0,,,0,,0,,0,,0,0,0,0,0,0,0,0,,0,0,0,,0,,0,,0,,0,0,,0,0,,0,,,0,0,0,100,0,0,0,0,0,0,0,0
291,2026,290,Ben Sinnott,WAS,TE,1,50.8,10,28.6,1,3.2,0,0.1,7,7,3,0,0,0,0,0,0,0,0,0,0,0,0,0,0,0,0,0,0,39.6,0,0,0,0,1,100,0,0,1,100,0,0,0,0,0,0,10,-7.31,-0.274,10,10,70,10,0,1.8,0,1.83,-1.83,0,0.18,1.8
292,2026,291,Darius Cooper,PHI,WR,1,8.5,2,6.5,0,0,0,0,,0,0,0,0,,,0,,0,,0,,0,0,0,0,0,0,0,0,,0,0,0,,0,,0,,0,,0,0,,0,0,,0,,,50,50,0,0,0,0,0,0,0,0,0,0
293,2026,292,LaJohntay Wester,BLT,WR,1,19,3,13.6,0,0,0,0,,0,0,0,0,,,0,,0,,0,,0,0,0,0,0,0,0,0,,0,0,0,,0,,0,,0,,0,0,,0,0,,0,,,33.3,66.7,0,0,0,0,0,0,0,0,0,0
294,2026,293,Jake Briningstool,KC,TE,1,12.2,1,4,1,4.2,0,1,6,6,4,0,0,0,0,0,0,0,0,0,0,0,0,0,0,0,0,0,0,39.6,1,5.6,0,0,0,0,0,0,0,0,0,0,0,0,0,0,50,-7.09,-0.581,0,0,100,0,0,0,0,-0.02,0.02,0,-0.02,0
295,2026,294,Tai Felton,MIN,WR,1,54.5,20,58.8,1,3.4,0,0.05,8,8,3.6,0,0,0,0,0,0,0,0,0,0,0,0,0,0,0,0,0,0,39.6,1,4.8,0,0,1,100,0,0,0,0,1,0,0,0,0,0,6.7,-7.51,-1.428,75,25,0,0,0,1,0,1,-1,0,0.05,1
296,2026,295,Oronde Gadsden,LAC,TE,1,56.3,25,65.8,1,2.9,0,0.04,15,15,5.4,0,0,0,0,0,0,0,0,0,0,0,0.01,0,0,0,0,0,0,39.6,1,4.8,0,0,1,100,0,0,1,100,0,0,0,0,0,0,4.5,-10.64,-1.305,12,32,56,0,0,2.7,0,2.7,-2.7,0,0.11,2.7
297,2026,296,Jackson Hawes,BUF,TE,1,38.1,3,9.7,1,3.8,0,0.33,30,30,12.1,0,0,0,0,0,0,0,0,0,0,0,0,0,0,0,0,0,0,39.6,0,0,0,0,0,0,1,0,0,0,0,0,0,0,0,0,20,-13.23,-0.858,33.3,0,66.7,0,0,0,0,0.04,-0.04,0,0.01,0
298,2026,297,Kyle Monangai,CHI,RB,1,30.4,9,25.7,0,0,0,0,,0,0,0,0,,,0,,0,,0,,0,0,0,0,0,0,0,0,,0,0,0,,0,,0,,0,,0,0,,0,0,,0,,,11.1,0,22.2,66.7,3.1,5.9,3.1,5.88,-2.78,0,0,0
299,2026,298,Jahdae Walker,CHI,WR,1,7.2,2,5.7,0,0,0,0,,0,0,0,0,,,0,,0,,0,,0,0,0,0,0,0,0,0,,0,0,0,,0,,0,,0,,0,0,,0,0,,0,,,50,50,0,0,0,0,0,0,0,0,0,0
300,2026,299,Keleki Latu,BUF,TE,1,4.8,2,6.5,0,0,0,0,,0,0,0,0,,,0,,0,,0,,0,0,0,0,0,0,0,0,,0,0,0,,0,,0,,0,,0,0,,0,0,,0,,,50,50,0,0,0,0,0,0,0,0,0,0
301,2026,300,Myles Price,MIN,WR,1,7.3,3,8.8,0,0,0,0,,0,0,0,0,,,0,,0,,0,,0,0,0,0,0,0,0,0,,0,0,0,,0,,0,,0,,0,0,,0,0,,0,,,0,100,0,0,0,0,0,0,0,0,0,0
302,2026,301,Mark Redman,GB,TE,1,11.1,3,5.6,0,0,0,0,,0,0,0,0,,,0,,0,,0,,0,0,0,0,0,0,0,0,,0,0,0,,0,,0,,0,,0,0,,0,0,,0,,,0,0,100,0,0,0,0,0,0,0,0,0
303,2026,302,Omarion Hampton,LAC,RB,1,42.2,6,15.8,0,0,0,0,,0,0,0,0,,,0,,0,,0,,0,0,0,0,0,0,0,0,,0,0,0,,0,,0,,0,,0,0,,0,0,,0,,,0,16.7,0,83.3,5.6,11.9,5.6,11.94,-6.34,0,0,0
304,2026,303,Travis Hunter,JAX,WR,1,8.3,3,9.4,0,0,0,0,,0,0,0,0,,,0,,0,,0,,0,0,0,0,0,0,0,0,,0,0,0,,0,,0,,0,,0,0,,0,0,,0,,,66.7,33.3,0,0,0,0,0,0,0,0,0,0
305,2026,304,Jack Bech,LV,WR,1,15.9,5,13.5,0,0,0,0,,0,0,0,0,,,0,,0,,0,,0,0,0,0,0,0,0,0,,0,0,0,,0,,0,,0,,0,0,,0,0,,0,,,40,60,0,0,0,0,0,0,0,0,0,0
306,2026,305,Elijah Arroyo,SEA,TE,1,28.1,13,27.7,0,0,0,0,,0,0,0,0,,,0,,0,,0,,0,0,0,0,0,0,0,0,,0,0,0,,0,,0,,0,,0,0,,0,0,,0,,,0,53.8,46.2,0,0,0,0,0,0,0,0,0
307,2026,306,Isaiah Bond,CLV,WR,1,6.3,3,7.9,0,0,0,0,,0,0,0,0,,,0,,0,,0,,0,0,0,0,0,0,0,0,,0,0,0,,0,,0,,0,,0,0,,0,0,,0,,,66.7,33.3,0,0,0,0,0,0,0,0,0,0
308,2026,307,Mike Washington,LV,RB,1,17.5,4,10.8,0,0,0,0,,0,0,0,0,,,0,,0,,0,,0,0,0,0,0,0,0,0,,0,0,0,,0,,0,,0,,0,0,,0,0,,0,,,25,0,0,75,11.4,2.8,11.4,2.85,8.55,0,0,0
309,2026,308,Malik Benson,LV,WR,1,4.8,3,8.1,1,3,0,0.33,33,33,12.7,0,0,0,0,0,0,0,0,0,0,0,0,0,0,0,0,0,0,39.6,1,4.5,0,0,0,0,1,0,0,0,0,0,0,0,0,0,33.3,-12.47,-1.266,66.7,33.3,0,0,0,0.3,0,0.27,-0.27,0,0.09,0.3
310,2026,309,Emmett Johnson,KC,RB,1,26.5,4,16,0,0,0,0,,0,0,0,0,,,0,,0,,0,,0,0,0,0,0,0,0,0,,0,0,0,,0,,0,,0,,0,0,,0,0,,0,,,0,0,0,100,1.7,2.9,1.7,2.94,-1.24,0,0,0
311,2026,310,Oscar Delp,NO,TE,1,19.4,4,8.9,0,0,0,0,,0,0,0,0,,,0,,0,,0,,0,0,0,0,0,0,0,0,,0,0,0,,0,,0,,0,,0,0,,0,0,,0,,,25,25,50,0,0,0,0,0,0,0,0,0
312,2026,311,Kaelon Black,SF,RB,1,14,2,7.1,1,3.7,0,0.5,-5,-5,-2,0,0,0,0,0,0,0,0,0,0,0,0,0,0,0,0,0,0,39.6,0,0,0,0,1,100,0,0,0,0,0,0,0,0,0,0,50,-5.87,-0.518,0,0,0,100,1.7,4.4,1.7,4.44,-2.74,0,0.74,1.5
313,2026,312,Bryce Lance,NO,WR,1,70.8,34,75.6,3,7.1,0,0.09,18.67,56,18.8,0,0,0,0,0,0,0,0,0,0,0,0,0,0,0,0,0,0,0,2,7.4,0,0,0,0,1,0,0,0,0,0,0,0,0,0,10,-9.95,-2.689,67.6,32.4,0,0,0,0.1,0,0.06,-0.06,0,0,0.1
314,2026,313,Bauer Sharp,TB,TE,1,9.4,4,8.7,0,0,0,0,,0,0,0,0,,,0,,0,,0,,0,0,0,0,0,0,0,0,,0,0,0,,0,,0,,0,,0,0,,0,0,,0,,,50,25,25,0,0,0,0,0,0,0,0,0
315,2026,314,Seth McGowan,IND,RB,1,12.7,2,4.9,0,0,0,0,,0,0,0,0,,,0,,0,,0,,0,0,0,0,0,0,0,0,,0,0,0,,0,,0,,0,,0,0,,0,0,,0,,,0,0,0,100,1.4,2.8,1.4,2.77,-1.37,0,0,0
316,2026,315,Deion Burks,IND,WR,1,16.9,7,17.1,0,0,0,0,,0,0,0,0,,,0,,0,,0,,0,0,0,0,0,0,0,0,,0,0,0,,0,,0,,0,,0,0,,0,0,,0,,,57.1,42.9,0,0,0,0,0,0,0,0,0,0
317,2026,316,Malik McClain,NYJ,WR,1,18,8,18.2,0,0,0,0,,0,0,0,0,,,0,,0,,0,,0,0,0,0,0,0,0,0,,0,0,0,,0,,0,,0,,0,0,,0,0,,0,,,100,0,0,0,0,0,0,0,0,0,0,0
318,2026,317,Tanner Arkin,NE,TE,1,25,5,13.5,0,0,0,0,,0,0,0,0,,,0,,0,,0,,0,0,0,0,0,0,0,0,,0,0,0,,0,,0,,0,,0,0,,0,0,,0,,,20,40,40,0,0,0,0,0,0,0,0,0
319,2026,318,CJ Donaldson,NO,RB,1,18.1,4,8.9,0,0,0,0,,0,0,0,0,,,0,,0,,0,,0,0,0,0,0,0,0,0,,0,0,0,,0,,0,,0,,0,0,,0,0,,0,,,0,0,0,100,0.5,1,0.5,1.04,-0.54,0,0,0
320,2026,319,Lewis Bond,HST,WR,1,13.7,4,12.9,1,3.7,0,0.25,10,10,3.1,0,0,0,0,0,0,0,0,0,0,0,0,0,0,0,0,0,0,39.6,1,5.6,0,0,1,100,0,0,1,100,1,0,0,0,0,0,25,-7.5,-0.831,25,75,0,0,0,1,0,1.02,-1.02,0,0.26,1
321,2026,320,Marlin Klein,HST,TE,1,7.8,2,6.5,0,0,0,0,,0,0,0,0,,,0,,0,,0,,0,0,0,0,0,0,0,0,,0,0,0,,0,,0,,0,,0,0,,0,0,,0,,,0,0,100,0,0,0,0,0,0,0,0,0
322,2026,321,Nate Boerkircher,JAX,TE,1,45,5,15.6,1,3.4,0,0.2,4,4,2.6,0,0,0,0,0,0,0,0,0,0,0,0,0,1,0,0,0,0,39.6,0,0,0,0,0,0,0,0,0,0,0,0,0,0,0,0,16.7,-6.07,-0.441,20,20,60,0,0,0,0,0,0,0,0,0
323,2026,322,Will Kacmarek,MIA,TE,1,43.3,6,14.3,0,0,0,0,,0,0,0,0,,,0,,0,,0,,0,0,0,0,0,0,0,0,,0,0,0,,0,,0,,0,,0,0,,0,0,,0,,,16.7,0,83.3,0,0,0,0,0,0,0,0,0
324,2026,323,Saquon Barkley,PHI,RB,1,74.5,14,45.2,2,7.7,-0.14,0.14,-3,-6,-3.6,-2,-1.3,-1,-2,1,50,4,4,0,0,0,0,0,0,0,0,0,0,56.3,1,5.9,1,50,1,50,0,0,0,0,0,0,0,0,0,0,14.3,-6.46,-0.861,21.4,0,0,78.6,9,13.2,9,13.25,-4.25,0.06,0.11,1.5
325,2026,324,AJ Dillon,CAR,RB,1,16.2,4,7.8,1,2.1,-0.5,0.25,-7,-7,-2,-2,-0.7,-2,-2,1,100,5,5,2,2,0,0.01,0,0,0,0,0,0,79.2,0,0,0,0,1,100,0,0,0,0,0,0,0,0,0,0,14.3,-6.53,-1.123,25,0,0,75,2.4,3.5,2.4,3.5,-1.1,0.2,0.36,1.4
326,2026,325,Tyler Goodson,DAL,RB,1,15.5,5,11.1,1,2.5,-1,0.2,-6,-6,-2.1,-5,-1.8,-5,-5,1,100,1,1,0,0,0,0,0,0,0,0,0,0,79.2,1,3.8,1,100,1,100,0,0,0,0,0,0,0,0,0,0,25,-10.09,-1.007,0,0,0,100,2.7,4.9,2.7,4.93,-2.23,0.1,0.29,1.5
327,2026,326,Keaton Mitchell,LAC,RB,1,35.9,14,36.8,3,8.8,-0.36,0.21,-4,-12,-4.3,-5,-2.2,-1.67,-1.67,3,100,7,2.33,1,0.33,1,0.55,100,1,0,0,1,0.071,118.8,3,14.3,3,100,3,100,0,0,0,0,0,0,0,0,1,0.33,33.3,-7.24,-0.249,7.1,21.4,0,71.4,13.7,11.4,13.7,11.35,2.35,0.61,0.51,7.2
328,Exported from Data Suite 2.0 by Adam Waldo (user 2138) on 2026-10-07 16:36 UTC,,,,,,,,,,,,,,,,,,,,,,,,,,,,,,,,,,,,,,,,,,,,,,,,,,,,,,,,,,,,,,,,,