QB,TeamN_w2,opp,projection,actual,error,abs_error
Josh Allen,BUF,DET,37.24907279221543,40.8,-3.550927207784568,3.550927207784568
Lamar Jackson,BAL,NO,21.02525822384191,15.8,5.225258223841909,5.225258223841909
Jared Goff,DET,BUF,19.084828579223398,29.8,-10.715171420776603,10.715171420776603
Drake Maye,NE,PIT,10.52135672439217,9.0,1.5213567243921702,1.5213567243921702
Jalen Hurts,PHI,TEN,22.895968368530426,18.2,4.695968368530426,4.695968368530426
Matthew Stafford,LAR,NYG,22.522814195390904,28.0,-5.477185804609096,5.477185804609096
Brock Purdy,SF,MIA,18.1002287402184,28.5,-10.399771259781598,10.399771259781598
Dak Prescott,DAL,WAS,20.410156936294207,29.8,-9.389843063705793,9.389843063705793
Joe Burrow,CIN,HOU,14.52031692380358,16.2,-1.6796830761964188,1.6796830761964188
Justin Herbert,LAC,LV,10.091483413795505,9.9,0.19148341379550438,0.19148341379550438
Caleb Williams,CHI,MIN,21.240615523951934,8.7,12.540615523951935,12.540615523951935
