Player,Team,Position,Pass_Att,Pass_Yds,Pass_TD,INT,Rush_Att,Rush_Yds,Rush_TD,Targets,Receptions,Rec_Yds,Rec_TD,PPR,Half_PPR,Standard
CeeDee Lamb,DAL,WR,0.0,0.0,0.0,0.0,0.46,1.14,0.0,11.42,9.23,115.09,0.73,25.22,20.61,15.99
Javonte Williams,DAL,RB,0.0,0.0,0.0,0.0,14.69,54.88,1.54,4.21,3.79,17.9,0.16,21.24,19.35,17.45
Dak Prescott,DAL,QB,40.03,286.15,1.57,0.2,2.77,13.72,0.03,0.0,0.0,0.0,0.0,18.88,18.88,18.88
Jalon Daniels,TB,QB,28.05,172.92,1.12,0.73,7.0,46.16,0.25,0.0,0.0,0.0,0.0,16.03,16.03,16.03
George Pickens,DAL,WR,0.0,0.0,0.0,0.0,0.11,0.44,0.0,6.95,4.46,72.39,0.03,11.97,9.74,7.51
Bucky Irving,TB,RB,0.0,0.0,0.0,0.0,13.64,54.76,0.29,2.85,2.33,11.73,0.01,10.83,9.67,8.5
Jake Ferguson,DAL,TE,0.0,0.0,0.0,0.0,0.0,0.0,0.0,4.64,3.52,20.73,0.62,9.29,7.53,5.77
Kenny Gainwell,TB,RB,0.0,0.0,0.0,0.0,7.15,17.88,0.14,2.94,2.03,15.01,0.44,8.82,7.81,6.79
Chris Godwin Jr.,TB,WR,0.0,0.0,0.0,0.0,0.28,0.71,0.0,5.6,4.85,35.51,0.03,8.65,6.22,3.8
Ted Hurst III,TB,WR,0.0,0.0,0.0,0.0,0.11,0.47,0.0,4.65,2.52,40.41,0.32,8.57,7.32,6.06
Emeka Egbuka,TB,WR,0.0,0.0,0.0,0.0,0.19,0.47,0.0,5.88,3.48,34.9,0.14,7.87,6.13,4.39
Ryan Flournoy,DAL,WR,0.0,0.0,0.0,0.0,0.11,0.44,0.0,6.69,3.88,33.86,0.03,7.53,5.59,3.65
Cade Otton,TB,TE,0.0,0.0,0.0,0.0,0.0,0.0,0.0,5.17,3.3,35.45,0.03,7.0,5.35,3.7
Luke Schoonmaker,DAL,TE,0.0,0.0,0.0,0.0,0.0,0.0,0.0,2.97,2.68,31.66,0.01,5.93,4.59,3.26
Tyler Goodson,DAL,RB,0.0,0.0,0.0,0.0,7.7,28.99,0.15,2.29,1.26,6.86,0.01,5.84,5.21,4.58
Sean Tucker,TB,RB,0.0,0.0,0.0,0.0,7.04,23.46,0.41,1.31,0.52,3.93,0.01,5.78,5.52,5.26
Tez Johnson,TB,WR,0.0,0.0,0.0,0.0,0.46,1.78,0.0,3.83,2.33,29.61,0.02,5.6,4.43,3.27
Emari Demercado,DAL,RB,0.0,0.0,0.0,0.0,6.45,19.6,0.13,1.72,0.69,5.15,0.01,3.99,3.64,3.3
Brevyn Spann-Ford,DAL,TE,0.0,0.0,0.0,0.0,0.0,0.0,0.0,2.99,1.68,20.41,0.01,3.81,2.97,2.13
Hunter Luepke,DAL,RB,0.0,0.0,0.0,0.0,5.36,13.4,0.11,1.97,0.89,5.92,0.01,3.52,3.08,2.63
Jonathan Mingo,DAL,WR,0.0,0.0,0.0,0.0,0.11,0.44,0.0,4.26,1.7,16.16,0.02,3.51,2.66,1.81
KaVontae Turpin,DAL,WR,0.0,0.0,0.0,0.0,0.32,0.81,0.05,3.81,1.58,13.55,0.02,3.44,2.65,1.86
Kameron Johnson,TB,WR,0.0,0.0,0.0,0.0,0.11,0.47,0.0,3.14,1.41,9.41,0.02,2.52,1.81,1.1
Payne Durham,TB,TE,0.0,0.0,0.0,0.0,0.0,0.0,0.0,2.41,0.96,7.22,0.01,1.76,1.28,0.79
