variant,position,N,mae
target_share_off,RB,150,6.560234711452128
target_share_off,WR,150,7.0465375742892045
carry_share_off,RB,150,6.641034300085408
carry_share_off,WR,150,7.044573640469353
catch_rate_off,RB,150,6.355285038951903
catch_rate_off,WR,150,6.86605978260796
ypt_off,RB,150,6.359231282431494
ypt_off,WR,150,6.85961358769486
rec_td_rate_off,RB,150,6.502575193699904
rec_td_rate_off,WR,150,6.8881841006264874
ypc_off,RB,150,6.475792564582166
ypc_off,WR,150,7.02980154718712
rush_td_rate_off,RB,150,6.127496053605767
rush_td_rate_off,WR,150,7.024993318886
team_pass_off,RB,150,6.424854990644255
team_pass_off,WR,150,7.026114736627617
team_rush_off,RB,150,6.424854990644255
team_rush_off,WR,150,7.026114736627617
