alpha,week,player_display_name,position,pred_ppr,fantasy_points_ppr,err
0.45,2,Tyler Shough,QB,23.41142857142857,22.38,1.0314285714285703
0.45,2,Aaron Rodgers,QB,13.219999999999999,3.9800000000000004,9.239999999999998
0.45,2,Jacoby Brissett,QB,16.47,6.500000000000001,9.969999999999999
0.45,2,Jordan Love,QB,23.319999999999993,13.8,9.519999999999992
0.45,2,Jared Goff,QB,16.37,29.779999999999998,13.409999999999997
0.45,2,Joe Burrow,QB,16.11,16.18,0.07000000000000028
0.45,2,C.J. Stroud,QB,20.200000000000003,17.020000000000003,3.1799999999999997
0.45,2,Drake Maye,QB,15.910000000000002,8.02,7.890000000000002
0.45,2,Jaxson Dart,QB,25.41,0.8,24.61
0.45,2,Brock Purdy,QB,23.06,28.48,5.420000000000002
0.45,2,Bryce Young,QB,29.47,24.080000000000002,5.389999999999997
0.45,2,Jayden Daniels,QB,17.860000000000003,14.74,3.1200000000000028
0.45,2,Caleb Williams,QB,36.97,7.720000000000001,29.25
0.45,2,Dak Prescott,QB,16.18,29.76,13.580000000000002
0.45,2,Cam Ward,QB,12.42,20.02,7.6
0.45,2,Kirk Cousins,QB,18.2,20.220000000000002,2.020000000000003
0.45,2,Josh Allen,QB,28.810000000000002,40.82,12.009999999999998
0.45,2,Patrick Mahomes,QB,23.39,28.98,5.59
0.45,2,Baker Mayfield,QB,19.04,12.180000000000001,6.859999999999998
0.45,2,Malik Willis,QB,20.05,12.479999999999999,7.570000000000002
0.45,2,Lamar Jackson,QB,23.75,14.8,8.95
0.45,2,Daniel Jones,QB,10.790000000000001,11.4,0.6099999999999994
0.45,2,Justin Herbert,QB,15.290000000000001,7.88,7.410000000000001
0.45,2,Jalen Hurts,QB,21.89,16.160000000000004,5.729999999999997
0.45,2,Bo Nix,QB,10.100000000000001,14.12,4.019999999999998
0.45,2,Geno Smith,QB,11.36,15.580000000000002,4.220000000000002
0.45,2,Deshaun Watson,QB,16.14,19.72,3.5799999999999983
0.45,2,Matthew Stafford,QB,7.970000000000001,26.979999999999997,19.009999999999998
0.45,2,Trevor Lawrence,QB,17.77,6.16,11.61
0.45,2,Carson Wentz,QB,13.270000000000001,6.32,6.950000000000001
0.45,2,Drew Lock,QB,12.68,21.4,8.719999999999999
0.45,2,Cooper Rush,QB,9.499999999999998,-0.56,10.059999999999999
0.45,2,Jahmyr Gibbs,RB,24.59423275862069,23.3,1.2942327586206908
0.45,2,Bijan Robinson,RB,16.523157142857144,11.1,5.423157142857145
0.45,2,Kenneth Walker III,RB,24.662195652173914,23.8,0.8621956521739129
0.45,2,Ashton Jeanty,RB,18.421278260869563,10.3,8.121278260869563
0.45,2,Rhamondre Stevenson,RB,11.25355,3.6000000000000005,7.65355
0.45,2,Derrick Henry,RB,31.033250000000002,17.700000000000003,13.33325
0.45,2,Jonathan Taylor,RB,18.216427631578952,29.200000000000003,10.98357236842105
0.45,2,Breece Hall,RB,18.367545454545457,14.200000000000001,4.167545454545456
0.45,2,Chase Brown,RB,15.020749999999998,11.200000000000001,3.8207499999999968
0.45,2,David Montgomery,RB,23.628000000000007,4.4,19.22800000000001
0.45,2,Travis Etienne,RB,13.591,7.1,6.491
0.45,2,Christian McCaffrey,RB,13.788249999999998,22.6,8.811750000000004
0.45,2,Tyler Allgeier,RB,10.9312,3.9000000000000004,7.0312
0.45,2,D'Andre Swift,RB,35.25064999999999,12.9,22.350649999999995
0.45,2,Javonte Williams,RB,17.175,8.0,9.175
0.45,2,Jaylen Warren,RB,10.839400000000001,9.7,1.139400000000002
0.45,2,James Cook,RB,8.493069230769233,20.9,12.406930769230765
0.45,2,De'Von Achane,RB,7.980877272727273,12.3,4.3191227272727275
0.45,2,Bucky Irving,RB,18.2955,13.0,5.2955000000000005
0.45,2,Saquon Barkley,RB,9.40875,3.0,6.4087499999999995
0.45,2,Cam Skattebo,RB,15.546750000000001,9.5,6.046750000000001
0.45,2,Jacory Croskey-Merritt,RB,15.375,5.800000000000001,9.575
0.45,2,Jeremiyah Love,RB,16.896795454545455,7.5,9.396795454545455
0.45,2,Bhayshul Tuten,RB,11.609450000000002,14.2,2.590549999999997
0.45,2,Rico Dowdle,RB,5.779300000000001,6.4,0.6206999999999994
0.45,2,Kyren Williams,RB,17.04131818181818,15.700000000000001,1.3413181818181794
0.45,2,Kaelon Black,RB,11.072285714285718,2.5,8.572285714285718
0.45,2,Quinshon Judkins,RB,7.1576,9.8,2.6424000000000003
0.45,2,Chuba Hubbard,RB,22.397800000000004,14.4,7.997800000000003
0.45,2,MarShawn Lloyd,RB,5.88299230769231,8.6,2.71700769230769
0.45,2,Aaron Jones,RB,14.196500000000002,10.5,3.696500000000002
0.45,2,Kyle Monangai,RB,27.19975,7.800000000000001,19.39975
0.45,2,Jadarian Price,RB,8.560000000000002,5.0,3.5600000000000023
0.45,2,Devin Singletary,RB,11.857850000000001,0.9,10.95785
0.45,2,Omarion Hampton,RB,10.542250000000001,17.5,6.957749999999999
0.45,2,Braelon Allen,RB,8.6087,8.5,0.10870000000000068
0.45,2,Emmett Johnson,RB,11.057649999999999,5.5,5.557649999999999
0.45,2,Woody Marks,RB,10.6521,8.5,2.152100000000001
0.45,2,Tony Pollard,RB,6.26275,7.5,1.2372500000000004
0.45,2,Rachaad White,RB,8.320171428571431,14.3,5.97982857142857
0.45,2,Blake Corum,RB,8.908800000000003,10.200000000000001,1.2911999999999981
0.45,2,Samaje Perine,RB,11.230850000000002,3.2,8.030850000000001
0.45,2,George Holani,RB,5.3901,2.5,2.8901000000000003
0.45,2,Brian Robinson,RB,6.225800000000001,8.7,2.474199999999998
0.45,2,Tyjae Spears,RB,5.489535714285715,9.0,3.510464285714285
0.45,2,Chris Brooks,RB,6.618300000000001,3.6,3.0183000000000013
0.45,2,J.K. Dobbins,RB,5.085,3.6,1.4849999999999999
0.45,2,Justice Hill,RB,8.991850000000001,3.8,5.191850000000001
0.45,2,Jonathon Brooks,RB,9.8551,2.1,7.7551000000000005
0.45,2,Mike Washington Jr.,RB,10.699657142857145,0.7000000000000001,9.999657142857146
0.45,2,Trey McBride,TE,13.446730769230772,18.1,4.653269230769229
0.45,2,Dalton Schultz,TE,5.795325000000001,26.0,20.204674999999998
0.45,2,Noah Fant,TE,13.1005,0.0,13.1005
0.45,2,Isaiah Likely,TE,13.999875,8.3,5.699874999999999
0.45,2,Sam LaPorta,TE,7.649225000000001,17.2,9.550774999999998
0.45,2,Juwan Johnson,TE,15.696000000000002,10.600000000000001,5.096
0.45,2,Michael Mayer,TE,6.587000000000001,5.300000000000001,1.287
0.45,2,Mark Andrews,TE,6.242500000000001,10.9,4.6575
0.45,2,Dalton Kincaid,TE,10.28685,22.5,12.21315
0.45,2,Tucker Kraft,TE,9.534800000000004,3.5,6.034800000000004
0.45,2,Travis Kelce,TE,8.292550000000002,25.1,16.80745
0.45,2,George Kittle,TE,3.5186000000000006,18.0,14.481399999999999
0.45,2,Evan Engram,TE,10.726400000000002,2.7,8.026400000000002
0.45,2,David Njoku,TE,8.537650000000003,1.9,6.6376500000000025
0.45,2,Dallas Goedert,TE,12.012500000000003,1.4,10.612500000000002
0.45,2,T.J. Hockenson,TE,9.1234,5.9,3.2234
0.45,2,Pat Freiermuth,TE,14.824000000000002,7.4,7.424000000000001
0.45,2,Tommy Tremble,TE,5.921200000000001,1.4,4.5212
0.45,2,Cade Otton,TE,4.8185,8.8,3.9815000000000005
0.45,2,Tyler Warren,TE,8.109,14.4,6.291
0.45,2,Gunnar Helm,TE,6.407900000000001,3.3,3.1079000000000008
0.45,2,Josh Oliver,TE,3.8015999999999996,3.4000000000000004,0.4015999999999993
0.45,2,Kenyon Sadiq,TE,5.6451,3.7,1.9451
0.45,2,Hunter Henry,TE,7.572950000000001,7.0,0.5729500000000014
0.45,2,Cole Kmet,TE,10.373000000000001,0.0,10.373000000000001
0.45,2,Brenton Strange,TE,7.385000000000002,3.7,3.6850000000000014
0.45,2,Harold Fannin Jr.,TE,4.2738000000000005,10.4,6.1262
0.45,2,Darren Waller,TE,10.461700000000002,18.3,7.8382999999999985
0.45,2,Foster Moreau,TE,7.543200000000001,5.4,2.1432
0.45,2,Colby Parkinson,TE,2.8552,3.5,0.6448
0.45,2,Luke Farrell,TE,7.6516,0.0,7.6516
0.45,2,Greg Dulcich,TE,6.103050000000001,3.7,2.4030500000000012
0.45,2,Jake Ferguson,TE,5.0061,20.3,15.2939
0.45,2,Darnell Washington,TE,8.601,1.7000000000000002,6.901000000000001
0.45,2,Brevyn Spann-Ford,TE,6.6341,0.0,6.6341
0.45,2,Amon-Ra St. Brown,WR,19.323425000000004,35.2,15.876574999999999
0.45,2,Chris Olave,WR,25.739163461538464,22.6,3.1391634615384625
0.45,2,Matthew Golden,WR,12.390725000000002,9.8,2.590725000000001
0.45,2,Jaxon Smith-Njigba,WR,15.228495454545456,42.5,27.271504545454544
0.45,2,DK Metcalf,WR,7.154225000000001,6.7,0.454225000000001
0.45,2,Stefon Diggs,WR,12.809533333333334,21.7,8.890466666666665
0.45,2,Kalif Raymond,WR,12.408941666666669,9.0,3.408941666666669
0.45,2,Justin Jefferson,WR,16.60565,8.5,8.10565
0.45,2,Jameson Williams,WR,8.048925,5.300000000000001,2.748925
0.45,2,Malik Nabers,WR,9.832825000000003,1.1,8.732825000000004
0.45,2,Devaughn Vele,WR,23.66645833333333,11.4,12.26645833333333
0.45,2,Jalen Coker,WR,25.455616666666664,14.600000000000001,10.855616666666663
0.45,2,CeeDee Lamb,WR,13.775300000000003,35.3,21.524699999999996
0.45,2,Kendrick Bourne,WR,14.260275000000002,3.1,11.160275000000002
0.45,2,DJ Moore,WR,16.767975,-0.1,16.867975
0.45,2,Christian Watson,WR,25.414225000000002,14.100000000000001,11.314225
0.45,2,Malik Washington,WR,6.694675,8.7,2.005324999999999
0.45,2,Tetairoa McMillan,WR,12.366200000000003,15.100000000000001,2.7337999999999987
0.45,2,Deebo Samuel Sr.,WR,16.78675,6.5,10.286750000000001
0.45,2,Mike Evans,WR,16.679607142857144,8.4,8.279607142857143
0.45,2,Garrett Wilson,WR,10.968346428571433,16.7,5.731653571428566
0.45,2,Michael Wilson,WR,11.433935714285717,3.8,7.633935714285717
0.45,2,DeMario Douglas,WR,7.143189285714287,1.9,5.243189285714287
0.45,2,Jayden Reed,WR,6.205725000000001,1.4,4.805725000000001
0.45,2,Ladd McConkey,WR,16.00779642857143,6.5,9.507796428571432
0.45,2,Caleb Douglas,WR,12.190478571428573,3.9000000000000004,8.290478571428572
0.45,2,KC Concepcion,WR,8.17445,8.2,0.025549999999999073
0.45,2,Keenan Allen,WR,9.094000000000001,1.5,7.594000000000001
0.45,2,Davante Adams,WR,5.628025000000002,39.5,33.871975
0.45,2,Tee Higgins,WR,10.342575000000004,14.5,4.157424999999996
0.45,2,DeVonta Smith,WR,7.538125000000002,27.700000000000003,20.161875000000002
0.45,2,George Pickens,WR,6.663050000000002,10.0,3.336949999999998
0.45,2,Khalil Shakir,WR,9.049725,6.800000000000001,2.2497249999999998
0.45,2,Alec Pierce,WR,10.631500000000003,2.1,8.531500000000003
0.45,2,Wan'Dale Robinson,WR,9.499875000000001,1.9,7.599875000000001
0.45,2,Quentin Johnston,WR,4.150725,2.4000000000000004,1.750725
0.45,2,Parker Washington,WR,15.573975000000004,16.8,1.2260249999999964
0.45,2,Xavier Hutchinson,WR,7.807200000000002,6.7,1.1072000000000015
0.45,2,Roman Wilson,WR,7.324225,7.800000000000001,0.4757750000000005
0.45,2,Xavier Worthy,WR,4.78605,13.5,8.71395
0.45,2,Emeka Egbuka,WR,11.000500000000002,10.3,0.7005000000000017
0.45,2,Pat Bryant,WR,8.031875000000001,1.6,6.431875000000002
0.45,2,Tre Harris,WR,4.890725000000001,6.300000000000001,1.409275
0.45,2,Carnell Tate,WR,8.449875,5.7,2.7498750000000003
0.45,2,Luther Burden III,WR,12.4159,6.2,6.2159
0.45,2,Mack Hollins,WR,11.616475000000001,3.8,7.816475000000001
0.45,2,Courtland Sutton,WR,4.049375000000001,5.5,1.4506249999999987
0.45,2,Jalen Nailor,WR,6.897600000000001,1.9,4.9976
0.45,2,Chris Godwin Jr.,WR,10.168000000000001,8.8,1.3680000000000003
0.45,2,Drake London,WR,5.700475000000002,8.9,3.1995249999999986
0.45,3,Tyler Shough,QB,25.157104121475058,23.800000000000004,1.3571041214750537
0.45,3,C.J. Stroud,QB,18.200044906900327,11.68,6.520044906900328
0.45,3,Aaron Rodgers,QB,10.751499999999998,22.68,11.928500000000001
0.45,3,Jared Goff,QB,22.269499999999994,19.36,2.909499999999994
0.45,3,Patrick Mahomes,QB,25.694000000000003,15.94,9.754000000000003
0.45,3,Josh Allen,QB,37.203,17.46,19.743000000000002
0.45,3,Bryce Young,QB,27.422500000000003,13.64,13.782500000000002
0.45,3,Geno Smith,QB,12.2415,26.04,13.798499999999999
0.45,3,Jacoby Brissett,QB,12.784500000000003,25.6,12.815499999999998
0.45,3,Jordan Love,QB,18.905500000000004,18.48,0.4255000000000031
0.45,3,Jalen Hurts,QB,22.73,12.620000000000001,10.11
0.45,3,Joe Burrow,QB,16.029,22.580000000000002,6.551000000000002
0.45,3,Dak Prescott,QB,22.259500000000003,18.94,3.3195000000000014
0.45,3,Baker Mayfield,QB,15.818000000000001,11.28,4.538000000000002
0.45,3,Kirk Cousins,QB,19.599499999999995,22.220000000000002,2.620500000000007
0.45,3,Drake Maye,QB,13.2685,3.76,9.5085
0.45,3,Lamar Jackson,QB,21.833000000000002,20.44,1.3930000000000007
0.45,3,Bo Nix,QB,12.7865,24.14,11.3535
0.45,3,Daniel Jones,QB,11.906,7.9,4.006
0.45,3,Brock Purdy,QB,25.234999999999996,31.28,6.045000000000005
0.45,3,Deshaun Watson,QB,17.805,20.259999999999998,2.4549999999999983
0.45,3,Justin Herbert,QB,13.715000000000002,12.740000000000002,0.9749999999999996
0.45,3,Matthew Stafford,QB,16.972999999999995,20.900000000000002,3.9270000000000067
0.45,3,Cam Ward,QB,14.578000000000001,9.44,5.138000000000002
0.45,3,Malik Willis,QB,15.649000000000001,10.0,5.649000000000001
0.45,3,Jameis Winston,QB,7.2700000000000005,6.12,1.1500000000000004
0.45,3,Trevor Lawrence,QB,17.889999999999997,19.78,1.8900000000000041
0.45,3,Marcus Mariota,QB,9.675000000000002,20.42,10.745
0.45,3,Kyler Murray,QB,5.5200000000000005,10.419999999999998,4.899999999999998
0.45,3,Sam Darnold,QB,5.58,27.66,22.08
0.45,3,Andy Dalton,QB,14.057039999999999,-2.0,16.05704
0.45,3,Case Keenum,QB,14.541419999999999,24.480000000000004,9.938580000000005
0.45,3,Kenneth Walker III,RB,22.3773978021978,21.3,1.077397802197801
0.45,3,Jahmyr Gibbs,RB,22.513138525875412,41.400000000000006,18.886861474124593
0.45,3,Ashton Jeanty,RB,16.419324616226454,12.3,4.119324616226454
0.45,3,Bijan Robinson,RB,16.288632357260276,35.3,19.01136764273972
0.45,3,Jonathan Taylor,RB,21.762863517647062,9.2,12.562863517647063
0.45,3,Chase Brown,RB,12.562676331612511,8.9,3.662676331612511
0.45,3,Breece Hall,RB,15.811860529734744,8.5,7.311860529734744
0.45,3,Derrick Henry,RB,24.17650705882353,21.9,2.2765070588235297
0.45,3,De'Von Achane,RB,8.997904874881893,1.7000000000000002,7.297904874881893
0.45,3,James Cook,RB,13.45987871372815,19.4,5.940121286271848
0.45,3,D'Andre Swift,RB,24.7006977443609,10.8,13.900697744360901
0.45,3,Bucky Irving,RB,14.877067314655015,7.800000000000001,7.0770673146550145
0.45,3,Christian McCaffrey,RB,17.724808258064513,21.6,3.875191741935488
0.45,3,Rhamondre Stevenson,RB,10.224742428571428,6.800000000000001,3.4247424285714274
0.45,3,Javonte Williams,RB,14.274176505494506,18.3,4.025823494505495
0.45,3,Omarion Hampton,RB,14.30389185840708,5.6000000000000005,8.70389185840708
0.45,3,Jaylen Warren,RB,10.73118113368984,20.6,9.86881886631016
0.45,3,Alvin Kamara,RB,9.106356,5.1000000000000005,4.006355999999999
0.45,3,Cam Skattebo,RB,12.578928529411767,13.0,0.4210714705882328
0.45,3,Aaron Jones,RB,10.660850265486728,14.200000000000001,3.5391497345132734
0.45,3,David Montgomery,RB,18.967066766852728,6.800000000000001,12.167066766852727
0.45,3,Travis Etienne,RB,11.047978024291497,9.0,2.0479780242914973
0.45,3,Quinshon Judkins,RB,7.674839044776119,9.9,2.225160955223881
0.45,3,Bhayshul Tuten,RB,12.513383492296407,17.0,4.486616507703593
0.45,3,TreVeyon Henderson,RB,13.926909999999998,3.9000000000000004,10.026909999999997
0.45,3,Jacory Croskey-Merritt,RB,12.160832535211268,5.3,6.8608325352112685
0.45,3,Jeremiyah Love,RB,11.507326731278763,21.9,10.392673268721236
0.45,3,Kyren Williams,RB,17.522199095812997,21.8,4.2778009041870035
0.45,3,Chuba Hubbard,RB,17.356516243928766,15.0,2.356516243928766
0.45,3,Tyler Allgeier,RB,8.210381241379311,4.9,3.310381241379311
0.45,3,Jadarian Price,RB,9.08597281057269,1.2000000000000002,7.88597281057269
0.45,3,Woody Marks,RB,8.67820868825911,9.1,0.4217913117408898
0.45,3,Saquon Barkley,RB,8.538968238805971,9.0,0.4610317611940289
0.45,3,Kyle Monangai,RB,19.585981000000004,3.1,16.485981000000002
0.45,3,Rachaad White,RB,11.053697932330829,11.100000000000001,0.04630206766917233
0.45,3,Tony Pollard,RB,7.213069931670111,13.600000000000001,6.386930068329891
0.45,3,MarShawn Lloyd,RB,8.153321100647645,3.8,4.353321100647645
0.45,3,Kaelon Black,RB,7.535668534562212,1.7000000000000002,5.8356685345622115
0.45,3,Blake Corum,RB,9.9767617706422,3.5,6.4767617706422005
0.45,3,Brian Robinson,RB,8.867664363636363,11.0,2.1323356363636368
0.45,3,Emanuel Wilson,RB,6.868047412322275,1.4000000000000001,5.468047412322274
0.45,3,Tyjae Spears,RB,8.07002048387097,0.5,7.5700204838709695
0.45,3,Braelon Allen,RB,10.528709935483871,4.7,5.828709935483871
0.45,3,Kendre Miller,RB,13.078380000000001,3.9000000000000004,9.17838
0.45,3,RJ Harvey,RB,9.597329,10.7,1.102670999999999
0.45,3,J.K. Dobbins,RB,5.441381865168539,6.300000000000001,0.8586181348314614
0.45,3,Emmett Johnson,RB,11.67949283018868,1.7000000000000002,9.97949283018868
0.45,3,Chris Brooks,RB,5.628756082392431,1.4,4.228756082392431
0.45,3,Tank Bigsby,RB,9.936682499999998,-0.5,10.436682499999998
0.45,3,George Holani,RB,5.731845935483871,10.8,5.06815406451613
0.45,3,Trey McBride,TE,13.784466609442063,16.5,2.715533390557937
0.45,3,Dalton Schultz,TE,12.244703887850468,6.0,6.244703887850468
0.45,3,Isaiah Likely,TE,13.059700561797754,3.3,9.759700561797754
0.45,3,Travis Kelce,TE,13.35745454545455,13.9,0.5425454545454507
0.45,3,Sam LaPorta,TE,10.883465695364238,7.4,3.483465695364238
0.45,3,Mike Gesicki,TE,15.009920000000005,12.7,2.3099200000000053
0.45,3,Dalton Kincaid,TE,13.95064,3.8000000000000003,10.15064
0.45,3,Mark Andrews,TE,7.602497023255816,5.4,2.202497023255816
0.45,3,Tyler Warren,TE,9.667098305084746,14.7,5.032901694915253
0.45,3,Juwan Johnson,TE,13.773478938053097,23.3,9.526521061946903
0.45,3,Michael Mayer,TE,6.391058743362833,12.2,5.8089412566371665
0.45,3,Cade Otton,TE,6.2899111559633045,8.600000000000001,2.310088844036697
0.45,3,Pat Freiermuth,TE,12.667840000000002,5.1,7.567840000000002
0.45,3,Tucker Kraft,TE,7.30751735483871,6.6,0.7075173548387106
0.45,3,Terrance Ferguson,TE,7.328539565217392,1.9,5.428539565217392
0.45,3,George Kittle,TE,9.150080000000003,26.200000000000003,17.04992
0.45,3,T.J. Hockenson,TE,8.207790769230773,3.1,5.107790769230773
0.45,3,Noah Fant,TE,9.363865,19.3,9.936135
0.45,3,Harold Fannin Jr.,TE,6.318993379310345,24.1,17.781006620689656
0.45,3,Austin Hooper,TE,3.94078,9.1,5.1592199999999995
0.45,3,Hunter Henry,TE,6.373364461538462,1.5,4.873364461538462
0.45,3,Tommy Tremble,TE,4.7199610410958925,7.1000000000000005,2.380038958904108
0.45,3,Gunnar Helm,TE,5.399390904109589,3.4000000000000004,1.999390904109589
0.45,3,Kenyon Sadiq,TE,6.131271999999999,23.5,17.368728
0.45,3,Evan Engram,TE,10.135988750000001,0.0,10.135988750000001
0.45,3,Johnny Mundt,TE,3.7410879999999995,1.4,2.3410879999999996
0.45,3,Jonnu Smith,TE,8.882738,3.6,5.282738
0.45,3,Drew Sample,TE,6.235824000000001,1.0,5.235824000000001
0.45,3,John Bates,TE,4.6259939999999995,1.9,2.7259939999999996
0.45,3,Sam Roush,TE,2.8198440000000002,2.6,0.21984400000000015
0.45,3,Jake Ferguson,TE,10.072745172413795,9.3,0.7727451724137939
0.45,3,Josh Oliver,TE,4.325944754716981,0.0,4.325944754716981
0.45,3,Brenton Strange,TE,7.884670588235295,6.2,1.6846705882352948
0.45,3,Darren Waller,TE,12.431320000000003,10.100000000000001,2.3313200000000016
0.45,3,Greg Dulcich,TE,4.839224000000001,10.5,5.660775999999999
0.45,3,Amon-Ra St. Brown,WR,23.54947201845019,11.9,11.649472018450188
0.45,3,Chris Olave,WR,22.564044489270387,19.700000000000003,2.864044489270384
0.45,3,Jaxon Smith-Njigba,WR,21.629648909090907,35.36,13.730351090909092
0.45,3,DK Metcalf,WR,7.034292994764399,12.1,5.065707005235601
0.45,3,Christian Watson,WR,20.329754005347596,22.6,2.270245994652406
0.45,3,Matthew Golden,WR,11.523568612903226,21.0,9.476431387096774
0.45,3,DeVonta Smith,WR,13.70807257377049,12.5,1.2080725737704903
0.45,3,Jalen Coker,WR,22.592973333333333,3.8,18.792973333333332
0.45,3,Tetairoa McMillan,WR,12.629591910112362,3.7,8.92959191011236
0.45,3,CeeDee Lamb,WR,20.183040544378702,20.200000000000003,0.016959455621300634
0.45,3,Parker Washington,WR,13.817997137931036,13.0,0.8179971379310356
0.45,3,Devaughn Vele,WR,17.50653162962963,6.9,10.60653162962963
0.45,3,Germie Bernard,WR,7.822782,2.4000000000000004,5.422782
0.45,3,Davante Adams,WR,17.866753615384614,20.700000000000003,2.8332463846153892
0.45,3,Tee Higgins,WR,10.709360615384615,21.0,10.290639384615385
0.45,3,Stefon Diggs,WR,15.613920784313729,7.300000000000001,8.313920784313728
0.45,3,Justin Jefferson,WR,14.996972823529415,5.2,9.796972823529416
0.45,3,Xavier Hutchinson,WR,7.708277836734693,8.5,0.7917221632653071
0.45,3,Kalif Raymond,WR,12.309831999999998,21.0,8.690168000000002
0.45,3,Garrett Wilson,WR,14.416390857142854,26.700000000000003,12.283609142857149
0.45,3,Michael Wilson,WR,7.57724585714286,25.9,18.32275414285714
0.45,3,Malik Washington,WR,7.353035789473686,11.100000000000001,3.7469642105263157
0.45,3,George Pickens,WR,7.716065608695653,15.200000000000001,7.483934391304348
0.45,3,KC Concepcion,WR,8.659684689384012,2.9,5.759684689384011
0.45,3,Jameson Williams,WR,7.984860333333334,8.9,0.9151396666666667
0.45,3,Malik Nabers,WR,7.434130666666669,7.6,0.16586933333333054
0.45,3,Xavier Worthy,WR,9.449653255813953,4.0,5.449653255813953
0.45,3,Deebo Samuel Sr.,WR,12.491579035398233,15.4,2.908420964601767
0.45,3,Luther Burden III,WR,9.71392759322034,19.8,10.08607240677966
0.45,3,Terry McLaurin,WR,6.1791288,19.7,13.520871199999998
0.45,3,Ja'Marr Chase,WR,14.292622400000003,24.8,10.507377599999998
0.45,3,Josh Downs,WR,9.761892000000001,12.7,2.938107999999998
0.45,3,Jaylen Waddle,WR,10.44226324390244,6.4,4.04226324390244
0.45,3,Khalil Shakir,WR,8.278514999999999,1.6,6.678514999999999
0.45,3,Zay Flowers,WR,18.049545000000006,15.4,2.649545000000005
0.45,3,Roman Wilson,WR,8.206781999999999,15.0,6.793218000000001
0.45,3,Quentin Johnston,WR,4.1016165,7.0,2.8983834999999996
0.45,3,Emeka Egbuka,WR,11.773444864864867,11.2,0.573444864864868
0.45,3,Kendrick Bourne,WR,10.94077604347826,4.2,6.74077604347826
0.45,3,Keenan Allen,WR,6.412212,18.3,11.887788
0.45,3,Carnell Tate,WR,6.92534635135135,11.8,4.874653648648651
0.45,3,Tre Tucker,WR,13.822012186915892,8.3,5.522012186915891
0.45,3,Denzel Boston,WR,15.336049785046729,8.100000000000001,7.236049785046728
0.45,3,Brian Thomas Jr.,WR,7.172792999999999,1.8,5.372792999999999
0.45,3,Mike Evans,WR,13.967797000000001,12.4,1.5677970000000006
0.45,3,Ladd McConkey,WR,13.894283307692307,10.600000000000001,3.2942833076923055
0.45,3,Drake London,WR,7.881815775280897,28.400000000000002,20.518184224719107
0.45,3,Dontayvion Wicks,WR,15.568464142857144,5.2,10.368464142857142
0.45,3,Ryan Flournoy,WR,6.961199326530613,4.2,2.7611993265306127
0.45,3,Malachi Fields,WR,5.682632571428572,3.9000000000000004,1.7826325714285716
0.45,4,Tyler Shough,QB,27.3395,15.94,11.399500000000002
0.45,4,Jacoby Brissett,QB,18.193724999999997,10.440000000000001,7.753724999999996
0.45,4,Jordan Love,QB,19.492525,13.079999999999998,6.412525000000002
0.45,4,Bryce Young,QB,21.8378525,21.46,0.3778524999999995
0.45,4,Matthew Stafford,QB,19.972649999999998,9.68,10.292649999999998
0.45,4,Aaron Rodgers,QB,16.672175,21.96,5.2878250000000016
0.45,4,C.J. Stroud,QB,15.419875000000005,23.080000000000002,7.660124999999997
0.45,4,Dak Prescott,QB,19.793725000000002,18.099999999999998,1.6937250000000041
0.45,4,Jared Goff,QB,21.014225000000003,20.48,0.5342250000000028
0.45,4,Geno Smith,QB,18.283875,8.76,9.523874999999999
0.45,4,Josh Allen,QB,29.32665,18.520000000000003,10.806649999999998
0.45,4,Joe Burrow,QB,19.76445,23.720000000000002,3.9555500000000023
0.45,4,Malik Willis,QB,15.55855,2.5,13.05855
0.45,4,Deshaun Watson,QB,18.17175,12.920000000000002,5.251749999999998
0.45,4,Daniel Jones,QB,12.722300000000002,7.92,4.8023000000000025
0.45,4,Bo Nix,QB,16.758875,13.56,3.1988749999999992
0.45,4,Kirk Cousins,QB,20.792224999999995,22.6,1.8077750000000066
0.45,4,Justin Herbert,QB,14.13125,9.56,4.571249999999999
0.45,4,Patrick Mahomes,QB,22.096700000000002,17.0,5.096700000000002
0.45,4,Cam Ward,QB,13.3339,15.580000000000002,2.246100000000002
0.45,4,Jalen Hurts,QB,18.7667,13.520000000000001,5.246699999999999
0.45,4,Drake Maye,QB,12.075824999999998,26.159999999999997,14.084174999999998
0.45,4,Brock Purdy,QB,24.4348,19.619999999999997,4.814800000000002
0.45,4,Trevor Lawrence,QB,19.1646,13.08,6.0846
0.45,4,Lamar Jackson,QB,21.26905,18.880000000000003,2.3890499999999975
0.45,4,Michael Penix Jr.,QB,14.27,12.72,1.549999999999999
0.45,4,Jameis Winston,QB,6.992500000000001,18.0,11.0075
0.45,4,Marcus Mariota,QB,13.9365,5.34,8.5965
0.45,4,Sam Darnold,QB,14.22275,13.319999999999999,0.902750000000001
0.45,4,Kyler Murray,QB,7.146835443037975,11.48,4.333164556962026
0.45,4,Tyson Bagent,QB,5.220000000000001,8.82,3.5999999999999996
0.45,4,Jalon Daniels,QB,5.359999999999999,11.42,6.0600000000000005
0.45,4,Jahmyr Gibbs,RB,27.63702296455522,17.7,9.937022964555222
0.45,4,Bijan Robinson,RB,23.358129369262212,27.700000000000003,4.341870630737791
0.45,4,Kenneth Walker III,RB,21.19945381708323,30.900000000000002,9.70054618291677
0.45,4,Ashton Jeanty,RB,15.425211569422128,18.6,3.1747884305778733
0.45,4,Jonathan Taylor,RB,16.600348614345744,22.700000000000003,6.0996513856542585
0.45,4,Derrick Henry,RB,22.28272504810976,15.9,6.38272504810976
0.45,4,James Cook,RB,16.072448772245526,16.3,0.2275512277544749
0.45,4,D'Andre Swift,RB,18.14986015949527,7.4,10.749860159495269
0.45,4,Cam Skattebo,RB,11.894402080155455,7.6000000000000005,4.2944020801554545
0.45,4,Chase Brown,RB,11.090696753636939,19.1,8.009303246363062
0.45,4,Aaron Jones,RB,10.889237127205273,16.8,5.910762872794727
0.45,4,Jeremiyah Love,RB,15.019170202066789,6.5,8.519170202066789
0.45,4,Javonte Williams,RB,16.03250006848774,31.3,15.267499931512262
0.45,4,Christian McCaffrey,RB,17.765678342395617,16.0,1.765678342395617
0.45,4,Bucky Irving,RB,11.817153737980428,6.1000000000000005,5.717153737980428
0.45,4,Jaylen Warren,RB,14.385282015068057,15.600000000000001,1.2147179849319443
0.45,4,Kyren Williams,RB,18.188407305633515,36.7,18.511592694366488
0.45,4,Chuba Hubbard,RB,16.986062083740222,25.9,8.913937916259776
0.45,4,Quinshon Judkins,RB,8.894165755241568,21.6,12.705834244758433
0.45,4,Jacory Croskey-Merritt,RB,8.847444416259169,7.0,1.8474444162591688
0.45,4,Omarion Hampton,RB,10.583120909939339,13.3,2.7168790900606616
0.45,4,Tony Pollard,RB,9.286207459768944,13.0,3.713792540231056
0.45,4,Bhayshul Tuten,RB,14.636032837503599,11.1,3.5360328375035994
0.45,4,David Montgomery,RB,14.02112129305438,4.3,9.72112129305438
0.45,4,Rhamondre Stevenson,RB,9.367660752781031,18.4,9.032339247218967
0.45,4,Saquon Barkley,RB,8.596048118814906,2.0,6.596048118814906
0.45,4,Alvin Kamara,RB,8.138248833333334,22.8,14.661751166666667
0.45,4,J.K. Dobbins,RB,5.840347204663212,7.2,1.359652795336788
0.45,4,TreVeyon Henderson,RB,10.194539193548389,4.2,5.9945391935483885
0.45,4,Blake Corum,RB,8.248155615648443,3.1,5.148155615648443
0.45,4,Kyle Monangai,RB,13.970870885000005,28.0,14.029129114999995
0.45,4,Tyler Allgeier,RB,7.551815968974991,12.9,5.348184031025009
0.45,4,Ollie Gordon II,RB,8.96819806451613,18.0,9.03180193548387
0.45,4,Brian Robinson,RB,11.160384828431372,25.7,14.539615171568627
0.45,4,RJ Harvey,RB,9.944559971275428,19.3,9.355440028724573
0.45,4,MarShawn Lloyd,RB,7.684691593302974,9.9,2.2153084066970266
0.45,4,Woody Marks,RB,10.276026825382836,8.2,2.0760268253828364
0.45,4,Emanuel Wilson,RB,4.970317798401421,27.0,22.02968220159858
0.45,4,George Holani,RB,8.461418232142858,3.0,5.461418232142858
0.45,4,Braelon Allen,RB,8.598398160051547,8.7,0.10160183994845262
0.45,4,Kaelon Black,RB,5.9741095214032836,1.3,4.674109521403284
0.45,4,Kendre Miller,RB,10.994172166666665,1.9000000000000001,9.094172166666665
0.45,4,Kenny Gainwell,RB,4.958405031757233,10.7,5.741594968242766
0.45,4,Keaton Mitchell,RB,10.149772941504754,11.3,1.150227058495247
0.45,4,Tyler Goodson,RB,6.31475225,1.2000000000000002,5.11475225
0.45,4,Emmett Johnson,RB,8.437466010685664,2.0,6.4374660106856645
0.45,4,Samaje Perine,RB,6.446400397022041,0.7000000000000001,5.7464003970220405
0.45,4,Chris Rodriguez Jr.,RB,9.078639673913043,9.5,0.4213603260869565
0.45,4,Tyjae Spears,RB,6.156528714528256,1.6,4.556528714528255
0.45,4,Raheim Sanders,RB,10.012800880323056,3.6,6.412800880323056
0.45,4,Brock Bowers,TE,18.422310000000003,20.6,2.1776899999999983
0.45,4,Trey McBride,TE,14.601288813559325,10.1,4.501288813559325
0.45,4,Tyler Warren,TE,10.608831407359586,9.100000000000001,1.508831407359585
0.45,4,Dalton Schultz,TE,9.999389208016588,2.9,7.0993892080165875
0.45,4,Isaiah Likely,TE,9.08736302046886,13.600000000000001,4.512636979531141
0.45,4,Juwan Johnson,TE,16.530571822586655,11.9,4.630571822586655
0.45,4,Harold Fannin Jr.,TE,11.794182923942568,11.7,0.09418292394256866
0.45,4,Tucker Kraft,TE,6.875157753654081,16.5,9.624842246345919
0.45,4,Tyler Higbee,TE,10.558529545454546,11.7,1.1414704545454537
0.45,4,Sam LaPorta,TE,9.693420644687107,22.4,12.706579355312892
0.45,4,Mark Andrews,TE,6.336124909012507,13.7,7.363875090987492
0.45,4,Cade Otton,TE,7.216698707327775,7.7,0.4833012926722251
0.45,4,George Kittle,TE,13.029942894736845,17.0,3.9700571052631553
0.45,4,Kenyon Sadiq,TE,12.61827485,0.0,12.61827485
0.45,4,Mike Gesicki,TE,14.292099903846154,13.0,1.2920999038461538
0.45,4,Dalton Kincaid,TE,11.330578707482992,1.7000000000000002,9.630578707482993
0.45,4,Travis Kelce,TE,14.132168549172345,3.5,10.632168549172345
0.45,4,AJ Barner,TE,7.033790349056605,2.2,4.8337903490566045
0.45,4,Pat Freiermuth,TE,9.494877692307693,10.7,1.2051223076923065
0.45,4,Darren Waller,TE,11.518983350176857,6.6,4.918983350176857
0.45,4,Michael Mayer,TE,9.47385073331464,16.200000000000003,6.726149266685363
0.45,4,T.J. Hockenson,TE,6.3487802237071485,24.9,18.55121977629285
0.45,4,Jake Ferguson,TE,10.029343051040314,4.1,5.9293430510403144
0.45,4,Tommy Tremble,TE,6.767713420223243,5.2,1.5677134202232432
0.45,4,Gunnar Helm,TE,4.819786409389364,3.5,1.3197864093893639
0.45,4,Brenton Strange,TE,6.964746830937715,16.5,9.535253169062285
0.45,4,Colston Loveland,TE,4.434603212073074,11.7,7.2653967879269254
0.45,4,Austin Hooper,TE,6.818398790322581,1.9,4.9183987903225805
0.45,4,Hunter Henry,TE,4.928044560344827,11.2,6.271955439655172
0.45,4,Jonnu Smith,TE,8.453563000000003,2.9000000000000004,5.553563000000002
0.45,4,Adam Trautman,TE,3.81200425,0.0,3.81200425
0.45,4,Chig Okonkwo,TE,4.67747475,2.5,2.17747475
0.45,4,Foster Moreau,TE,8.704113795258623,1.1,7.604113795258623
0.45,4,Darnell Washington,TE,8.433226637931035,11.7,3.266773362068964
0.45,4,Evan Engram,TE,6.629206447368422,1.6,5.029206447368422
0.45,4,Jaxon Smith-Njigba,WR,26.19582228846153,12.600000000000001,13.59582228846153
0.45,4,Chris Olave,WR,19.879108211350196,19.6,0.27910821135019503
0.45,4,Michael Wilson,WR,13.690476440217392,16.5,2.8095235597826083
0.45,4,Amon-Ra St. Brown,WR,18.791803214176657,15.5,3.2918032141766567
0.45,4,Nico Collins,WR,18.33887275,30.8,12.46112725
0.45,4,Matthew Golden,WR,15.21854345577746,11.7,3.5185434557774613
0.45,4,Davante Adams,WR,18.85694713658777,7.2,11.656947136587771
0.45,4,Garrett Wilson,WR,17.407750659793816,5.7,11.707750659793817
0.45,4,Christian Watson,WR,22.504524228675137,7.7,14.804524228675138
0.45,4,Puka Nacua,WR,12.173820652777778,27.700000000000003,15.526179347222225
0.45,4,Malik Washington,WR,8.540271612486704,12.0,3.4597283875132963
0.45,4,Ja'Marr Chase,WR,16.79421171570014,5.7,11.09421171570014
0.45,4,George Pickens,WR,10.401379208047457,9.5,0.901379208047457
0.45,4,Luther Burden III,WR,12.40951364800183,11.4,1.00951364800183
0.45,4,CeeDee Lamb,WR,20.27952475007578,41.3,21.020475249924218
0.45,4,Josh Downs,WR,10.132706662444114,4.6,5.532706662444115
0.45,4,KC Concepcion,WR,5.778552587708407,11.4,5.621447412291594
0.45,4,DK Metcalf,WR,9.566820699516828,16.5,6.933179300483172
0.45,4,Tee Higgins,WR,15.315980586021505,26.700000000000003,11.384019413978498
0.45,4,Stefon Diggs,WR,12.73976000679579,8.5,4.239760006795789
0.45,4,Xavier Hutchinson,WR,7.928115688913608,7.6000000000000005,0.32811568891360743
0.45,4,Drake London,WR,13.708323330694494,14.600000000000001,0.8916766693055074
0.45,4,Emeka Egbuka,WR,10.838220991728262,3.3,7.538220991728262
0.45,4,Devaughn Vele,WR,13.446663601851855,17.4,3.953336398148144
0.45,4,Tetairoa McMillan,WR,10.294578668649404,45.2,34.905421331350595
0.45,4,Kalif Raymond,WR,16.090689448663856,2.6,13.490689448663856
0.45,4,Carnell Tate,WR,8.746356281019008,21.5,12.753643718980992
0.45,4,DJ Moore,WR,11.018646914739886,2.7,8.318646914739887
0.45,4,Parker Washington,WR,14.137287562810947,2.0,12.137287562810947
0.45,4,Wan'Dale Robinson,WR,10.916015208333333,11.0,0.08398479166666739
0.45,4,Jaylen Waddle,WR,7.3915254595292765,14.5,7.1084745404707235
0.45,4,Malik Nabers,WR,7.221043865497078,23.200000000000003,15.978956134502925
0.45,4,Zay Flowers,WR,15.382800208333336,25.8,10.417199791666665
0.45,4,Ryan Flournoy,WR,5.5993008726171585,7.7,2.1006991273828417
0.45,4,Mack Hollins,WR,10.420610886659102,8.3,2.120610886659101
0.45,4,Roman Wilson,WR,11.707275083333336,16.4,4.692724916666663
0.45,4,Quentin Johnston,WR,5.1530073702737935,5.0,0.15300737027379352
0.45,4,Jordan Addison,WR,9.387333048684768,9.100000000000001,0.2873330486847667
0.45,4,Tre Harris,WR,9.712148949901447,9.0,0.7121489499014473
0.45,4,Courtland Sutton,WR,6.291416301470589,1.4,4.8914163014705885
0.45,4,Mike Evans,WR,12.871864524280577,12.600000000000001,0.2718645242805753
0.45,4,Jameson Williams,WR,9.317524857993195,16.200000000000003,6.8824751420068075
0.45,4,Ladd McConkey,WR,13.368444363258318,0.0,13.368444363258318
0.45,4,Dontayvion Wicks,WR,10.86295518086451,4.8,6.062955180864511
0.45,4,DeMario Douglas,WR,5.491590745822621,3.5,1.991590745822621
0.45,4,Germie Bernard,WR,6.860714868556703,3.1,3.7607148685567027
0.45,4,Tre Tucker,WR,12.605633069847128,8.4,4.205633069847128
0.45,4,Denzel Boston,WR,13.199520811083291,12.9,0.29952081108329054
0.45,4,Jakobi Meyers,WR,14.289758073834923,6.300000000000001,7.989758073834922
0.45,4,Khalil Shakir,WR,5.914094697580644,13.200000000000001,7.285905302419357
0.55,2,Tyler Shough,QB,23.41142857142857,22.38,1.0314285714285703
0.55,2,Aaron Rodgers,QB,13.219999999999999,3.9800000000000004,9.239999999999998
0.55,2,Jacoby Brissett,QB,16.47,6.500000000000001,9.969999999999999
0.55,2,Jordan Love,QB,23.319999999999993,13.8,9.519999999999992
0.55,2,Jared Goff,QB,16.37,29.779999999999998,13.409999999999997
0.55,2,Joe Burrow,QB,16.11,16.18,0.07000000000000028
0.55,2,C.J. Stroud,QB,20.200000000000003,17.020000000000003,3.1799999999999997
0.55,2,Drake Maye,QB,15.910000000000002,8.02,7.890000000000002
0.55,2,Jaxson Dart,QB,25.41,0.8,24.61
0.55,2,Brock Purdy,QB,23.06,28.48,5.420000000000002
0.55,2,Bryce Young,QB,29.47,24.080000000000002,5.389999999999997
0.55,2,Jayden Daniels,QB,17.860000000000003,14.74,3.1200000000000028
0.55,2,Caleb Williams,QB,36.97,7.720000000000001,29.25
0.55,2,Dak Prescott,QB,16.18,29.76,13.580000000000002
0.55,2,Cam Ward,QB,12.42,20.02,7.6
0.55,2,Kirk Cousins,QB,18.2,20.220000000000002,2.020000000000003
0.55,2,Josh Allen,QB,28.810000000000002,40.82,12.009999999999998
0.55,2,Patrick Mahomes,QB,23.39,28.98,5.59
0.55,2,Baker Mayfield,QB,19.04,12.180000000000001,6.859999999999998
0.55,2,Malik Willis,QB,20.05,12.479999999999999,7.570000000000002
0.55,2,Lamar Jackson,QB,23.75,14.8,8.95
0.55,2,Daniel Jones,QB,10.790000000000001,11.4,0.6099999999999994
0.55,2,Justin Herbert,QB,15.290000000000001,7.88,7.410000000000001
0.55,2,Jalen Hurts,QB,21.89,16.160000000000004,5.729999999999997
0.55,2,Bo Nix,QB,10.100000000000001,14.12,4.019999999999998
0.55,2,Geno Smith,QB,11.36,15.580000000000002,4.220000000000002
0.55,2,Deshaun Watson,QB,16.14,19.72,3.5799999999999983
0.55,2,Matthew Stafford,QB,7.970000000000001,26.979999999999997,19.009999999999998
0.55,2,Trevor Lawrence,QB,17.77,6.16,11.61
0.55,2,Carson Wentz,QB,13.270000000000001,6.32,6.950000000000001
0.55,2,Drew Lock,QB,12.68,21.4,8.719999999999999
0.55,2,Cooper Rush,QB,9.499999999999998,-0.56,10.059999999999999
0.55,2,Jahmyr Gibbs,RB,24.59423275862069,23.3,1.2942327586206908
0.55,2,Bijan Robinson,RB,16.523157142857144,11.1,5.423157142857145
0.55,2,Kenneth Walker III,RB,24.662195652173914,23.8,0.8621956521739129
0.55,2,Ashton Jeanty,RB,18.421278260869563,10.3,8.121278260869563
0.55,2,Rhamondre Stevenson,RB,11.25355,3.6000000000000005,7.65355
0.55,2,Derrick Henry,RB,31.033250000000002,17.700000000000003,13.33325
0.55,2,Jonathan Taylor,RB,18.216427631578952,29.200000000000003,10.98357236842105
0.55,2,Breece Hall,RB,18.367545454545457,14.200000000000001,4.167545454545456
0.55,2,Chase Brown,RB,15.020749999999998,11.200000000000001,3.8207499999999968
0.55,2,David Montgomery,RB,23.628000000000007,4.4,19.22800000000001
0.55,2,Travis Etienne,RB,13.591,7.1,6.491
0.55,2,Christian McCaffrey,RB,13.788249999999998,22.6,8.811750000000004
0.55,2,Tyler Allgeier,RB,10.9312,3.9000000000000004,7.0312
0.55,2,D'Andre Swift,RB,35.25064999999999,12.9,22.350649999999995
0.55,2,Javonte Williams,RB,17.175,8.0,9.175
0.55,2,Jaylen Warren,RB,10.839400000000001,9.7,1.139400000000002
0.55,2,James Cook,RB,8.493069230769233,20.9,12.406930769230765
0.55,2,De'Von Achane,RB,7.980877272727273,12.3,4.3191227272727275
0.55,2,Bucky Irving,RB,18.2955,13.0,5.2955000000000005
0.55,2,Saquon Barkley,RB,9.40875,3.0,6.4087499999999995
0.55,2,Cam Skattebo,RB,15.546750000000001,9.5,6.046750000000001
0.55,2,Jacory Croskey-Merritt,RB,15.375,5.800000000000001,9.575
0.55,2,Jeremiyah Love,RB,16.896795454545455,7.5,9.396795454545455
0.55,2,Bhayshul Tuten,RB,11.609450000000002,14.2,2.590549999999997
0.55,2,Rico Dowdle,RB,5.779300000000001,6.4,0.6206999999999994
0.55,2,Kyren Williams,RB,17.04131818181818,15.700000000000001,1.3413181818181794
0.55,2,Kaelon Black,RB,11.072285714285718,2.5,8.572285714285718
0.55,2,Quinshon Judkins,RB,7.1576,9.8,2.6424000000000003
0.55,2,Chuba Hubbard,RB,22.397800000000004,14.4,7.997800000000003
0.55,2,MarShawn Lloyd,RB,5.88299230769231,8.6,2.71700769230769
0.55,2,Aaron Jones,RB,14.196500000000002,10.5,3.696500000000002
0.55,2,Kyle Monangai,RB,27.19975,7.800000000000001,19.39975
0.55,2,Jadarian Price,RB,8.560000000000002,5.0,3.5600000000000023
0.55,2,Devin Singletary,RB,11.857850000000001,0.9,10.95785
0.55,2,Omarion Hampton,RB,10.542250000000001,17.5,6.957749999999999
0.55,2,Braelon Allen,RB,8.6087,8.5,0.10870000000000068
0.55,2,Emmett Johnson,RB,11.057649999999999,5.5,5.557649999999999
0.55,2,Woody Marks,RB,10.6521,8.5,2.152100000000001
0.55,2,Tony Pollard,RB,6.26275,7.5,1.2372500000000004
0.55,2,Rachaad White,RB,8.320171428571431,14.3,5.97982857142857
0.55,2,Blake Corum,RB,8.908800000000003,10.200000000000001,1.2911999999999981
0.55,2,Samaje Perine,RB,11.230850000000002,3.2,8.030850000000001
0.55,2,George Holani,RB,5.3901,2.5,2.8901000000000003
0.55,2,Brian Robinson,RB,6.225800000000001,8.7,2.474199999999998
0.55,2,Tyjae Spears,RB,5.489535714285715,9.0,3.510464285714285
0.55,2,Chris Brooks,RB,6.618300000000001,3.6,3.0183000000000013
0.55,2,J.K. Dobbins,RB,5.085,3.6,1.4849999999999999
0.55,2,Justice Hill,RB,8.991850000000001,3.8,5.191850000000001
0.55,2,Jonathon Brooks,RB,9.8551,2.1,7.7551000000000005
0.55,2,Mike Washington Jr.,RB,10.699657142857145,0.7000000000000001,9.999657142857146
0.55,2,Trey McBride,TE,13.446730769230772,18.1,4.653269230769229
0.55,2,Dalton Schultz,TE,5.795325000000001,26.0,20.204674999999998
0.55,2,Noah Fant,TE,13.1005,0.0,13.1005
0.55,2,Isaiah Likely,TE,13.999875,8.3,5.699874999999999
0.55,2,Sam LaPorta,TE,7.649225000000001,17.2,9.550774999999998
0.55,2,Juwan Johnson,TE,15.696000000000002,10.600000000000001,5.096
0.55,2,Michael Mayer,TE,6.587000000000001,5.300000000000001,1.287
0.55,2,Mark Andrews,TE,6.242500000000001,10.9,4.6575
0.55,2,Dalton Kincaid,TE,10.28685,22.5,12.21315
0.55,2,Tucker Kraft,TE,9.534800000000004,3.5,6.034800000000004
0.55,2,Travis Kelce,TE,8.292550000000002,25.1,16.80745
0.55,2,George Kittle,TE,3.5186000000000006,18.0,14.481399999999999
0.55,2,Evan Engram,TE,10.726400000000002,2.7,8.026400000000002
0.55,2,David Njoku,TE,8.537650000000003,1.9,6.6376500000000025
0.55,2,Dallas Goedert,TE,12.012500000000003,1.4,10.612500000000002
0.55,2,T.J. Hockenson,TE,9.1234,5.9,3.2234
0.55,2,Pat Freiermuth,TE,14.824000000000002,7.4,7.424000000000001
0.55,2,Tommy Tremble,TE,5.921200000000001,1.4,4.5212
0.55,2,Cade Otton,TE,4.8185,8.8,3.9815000000000005
0.55,2,Tyler Warren,TE,8.109,14.4,6.291
0.55,2,Gunnar Helm,TE,6.407900000000001,3.3,3.1079000000000008
0.55,2,Josh Oliver,TE,3.8015999999999996,3.4000000000000004,0.4015999999999993
0.55,2,Kenyon Sadiq,TE,5.6451,3.7,1.9451
0.55,2,Hunter Henry,TE,7.572950000000001,7.0,0.5729500000000014
0.55,2,Cole Kmet,TE,10.373000000000001,0.0,10.373000000000001
0.55,2,Brenton Strange,TE,7.385000000000002,3.7,3.6850000000000014
0.55,2,Harold Fannin Jr.,TE,4.2738000000000005,10.4,6.1262
0.55,2,Darren Waller,TE,10.461700000000002,18.3,7.8382999999999985
0.55,2,Foster Moreau,TE,7.543200000000001,5.4,2.1432
0.55,2,Colby Parkinson,TE,2.8552,3.5,0.6448
0.55,2,Luke Farrell,TE,7.6516,0.0,7.6516
0.55,2,Greg Dulcich,TE,6.103050000000001,3.7,2.4030500000000012
0.55,2,Jake Ferguson,TE,5.0061,20.3,15.2939
0.55,2,Darnell Washington,TE,8.601,1.7000000000000002,6.901000000000001
0.55,2,Brevyn Spann-Ford,TE,6.6341,0.0,6.6341
0.55,2,Amon-Ra St. Brown,WR,19.323425000000004,35.2,15.876574999999999
0.55,2,Chris Olave,WR,25.739163461538464,22.6,3.1391634615384625
0.55,2,Matthew Golden,WR,12.390725000000002,9.8,2.590725000000001
0.55,2,Jaxon Smith-Njigba,WR,15.228495454545456,42.5,27.271504545454544
0.55,2,DK Metcalf,WR,7.154225000000001,6.7,0.454225000000001
0.55,2,Stefon Diggs,WR,12.809533333333334,21.7,8.890466666666665
0.55,2,Kalif Raymond,WR,12.408941666666669,9.0,3.408941666666669
0.55,2,Justin Jefferson,WR,16.60565,8.5,8.10565
0.55,2,Jameson Williams,WR,8.048925,5.300000000000001,2.748925
0.55,2,Malik Nabers,WR,9.832825000000003,1.1,8.732825000000004
0.55,2,Devaughn Vele,WR,23.66645833333333,11.4,12.26645833333333
0.55,2,Jalen Coker,WR,25.455616666666664,14.600000000000001,10.855616666666663
0.55,2,CeeDee Lamb,WR,13.775300000000003,35.3,21.524699999999996
0.55,2,Kendrick Bourne,WR,14.260275000000002,3.1,11.160275000000002
0.55,2,DJ Moore,WR,16.767975,-0.1,16.867975
0.55,2,Christian Watson,WR,25.414225000000002,14.100000000000001,11.314225
0.55,2,Malik Washington,WR,6.694675,8.7,2.005324999999999
0.55,2,Tetairoa McMillan,WR,12.366200000000003,15.100000000000001,2.7337999999999987
0.55,2,Deebo Samuel Sr.,WR,16.78675,6.5,10.286750000000001
0.55,2,Mike Evans,WR,16.679607142857144,8.4,8.279607142857143
0.55,2,Garrett Wilson,WR,10.968346428571433,16.7,5.731653571428566
0.55,2,Michael Wilson,WR,11.433935714285717,3.8,7.633935714285717
0.55,2,DeMario Douglas,WR,7.143189285714287,1.9,5.243189285714287
0.55,2,Jayden Reed,WR,6.205725000000001,1.4,4.805725000000001
0.55,2,Ladd McConkey,WR,16.00779642857143,6.5,9.507796428571432
0.55,2,Caleb Douglas,WR,12.190478571428573,3.9000000000000004,8.290478571428572
0.55,2,KC Concepcion,WR,8.17445,8.2,0.025549999999999073
0.55,2,Keenan Allen,WR,9.094000000000001,1.5,7.594000000000001
0.55,2,Davante Adams,WR,5.628025000000002,39.5,33.871975
0.55,2,Tee Higgins,WR,10.342575000000004,14.5,4.157424999999996
0.55,2,DeVonta Smith,WR,7.538125000000002,27.700000000000003,20.161875000000002
0.55,2,George Pickens,WR,6.663050000000002,10.0,3.336949999999998
0.55,2,Khalil Shakir,WR,9.049725,6.800000000000001,2.2497249999999998
0.55,2,Alec Pierce,WR,10.631500000000003,2.1,8.531500000000003
0.55,2,Wan'Dale Robinson,WR,9.499875000000001,1.9,7.599875000000001
0.55,2,Quentin Johnston,WR,4.150725,2.4000000000000004,1.750725
0.55,2,Parker Washington,WR,15.573975000000004,16.8,1.2260249999999964
0.55,2,Xavier Hutchinson,WR,7.807200000000002,6.7,1.1072000000000015
0.55,2,Roman Wilson,WR,7.324225,7.800000000000001,0.4757750000000005
0.55,2,Xavier Worthy,WR,4.78605,13.5,8.71395
0.55,2,Emeka Egbuka,WR,11.000500000000002,10.3,0.7005000000000017
0.55,2,Pat Bryant,WR,8.031875000000001,1.6,6.431875000000002
0.55,2,Tre Harris,WR,4.890725000000001,6.300000000000001,1.409275
0.55,2,Carnell Tate,WR,8.449875,5.7,2.7498750000000003
0.55,2,Luther Burden III,WR,12.4159,6.2,6.2159
0.55,2,Mack Hollins,WR,11.616475000000001,3.8,7.816475000000001
0.55,2,Courtland Sutton,WR,4.049375000000001,5.5,1.4506249999999987
0.55,2,Jalen Nailor,WR,6.897600000000001,1.9,4.9976
0.55,2,Chris Godwin Jr.,WR,10.168000000000001,8.8,1.3680000000000003
0.55,2,Drake London,WR,5.700475000000002,8.9,3.1995249999999986
0.55,3,Tyler Shough,QB,25.01,23.800000000000004,1.2099999999999973
0.55,3,C.J. Stroud,QB,17.232123548046463,11.68,5.552123548046463
0.55,3,Patrick Mahomes,QB,26.206,15.94,10.266
0.55,3,Aaron Rodgers,QB,10.5585,22.68,12.1215
0.55,3,Jared Goff,QB,23.5805,19.36,4.220500000000001
0.55,3,Josh Allen,QB,38.197,17.46,20.737000000000002
0.55,3,Geno Smith,QB,12.7475,26.04,13.292499999999999
0.55,3,Bryce Young,QB,26.967500000000005,13.64,13.327500000000004
0.55,3,Jalen Hurts,QB,22.25,12.620000000000001,9.629999999999999
0.55,3,Baker Mayfield,QB,15.424,11.28,4.144
0.55,3,Joe Burrow,QB,16.011000000000003,22.580000000000002,6.568999999999999
0.55,3,Dak Prescott,QB,22.8565,18.94,3.916499999999999
0.55,3,Jordan Love,QB,17.9245,18.48,0.5555000000000021
0.55,3,Jacoby Brissett,QB,11.965500000000002,25.6,13.6345
0.55,3,Kirk Cousins,QB,19.9105,22.220000000000002,2.3095000000000034
0.55,3,Bo Nix,QB,13.463500000000002,24.14,10.676499999999999
0.55,3,Lamar Jackson,QB,21.089,20.44,0.6489999999999974
0.55,3,Daniel Jones,QB,12.154,7.9,4.254
0.55,3,Deshaun Watson,QB,18.175000000000004,20.259999999999998,2.0849999999999937
0.55,3,Drake Maye,QB,12.681499999999998,3.76,8.921499999999998
0.55,3,Matthew Stafford,QB,19.307000000000002,20.900000000000002,1.593
0.55,3,Brock Purdy,QB,25.785,31.28,5.495000000000001
0.55,3,Justin Herbert,QB,13.365,12.740000000000002,0.6249999999999982
0.55,3,Cam Ward,QB,14.222000000000001,9.44,4.782000000000002
0.55,3,Jameis Winston,QB,7.2700000000000005,6.12,1.1500000000000004
0.55,3,Malik Willis,QB,15.030999999999999,10.0,5.030999999999999
0.55,3,Trevor Lawrence,QB,16.09,19.78,3.6900000000000013
0.55,3,Marcus Mariota,QB,9.675000000000002,20.42,10.745
0.55,3,Kyler Murray,QB,5.5200000000000005,10.419999999999998,4.899999999999998
0.55,3,Sam Darnold,QB,5.58,27.66,22.08
0.55,3,Andy Dalton,QB,14.504159999999999,-2.0,16.50416
0.55,3,Case Keenum,QB,14.76498,24.480000000000004,9.715020000000004
0.55,3,Kenneth Walker III,RB,21.3006234270623,21.3,0.0006234270622975657
0.55,3,Jahmyr Gibbs,RB,21.442713063092516,41.400000000000006,19.95728693690749
0.55,3,Ashton Jeanty,RB,15.239823234549826,12.3,2.9398232345498254
0.55,3,Bijan Robinson,RB,15.475943413616845,35.3,19.82405658638315
0.55,3,Jonathan Taylor,RB,22.123003206896552,9.2,12.923003206896553
0.55,3,Chase Brown,RB,11.960402149410223,8.9,3.0604021494102227
0.55,3,De'Von Achane,RB,9.101186938913836,1.7000000000000002,7.401186938913836
0.55,3,Breece Hall,RB,15.174594746904992,8.5,6.674594746904992
0.55,3,Derrick Henry,RB,22.43797265306122,21.9,0.537972653061221
0.55,3,James Cook,RB,14.55618179910045,19.4,4.843818200899548
0.55,3,D'Andre Swift,RB,22.419500813609467,10.8,11.619500813609466
0.55,3,Bucky Irving,RB,14.115467102803736,7.800000000000001,6.315467102803735
0.55,3,Omarion Hampton,RB,14.976932520775625,5.6000000000000005,9.376932520775625
0.55,3,Aaron Jones,RB,10.229339168975068,14.200000000000001,3.970660831024933
0.55,3,Christian McCaffrey,RB,18.681767448275863,21.6,2.918232551724138
0.55,3,Javonte Williams,RB,13.004617056179775,18.3,5.295382943820226
0.55,3,Alvin Kamara,RB,8.968924000000001,5.1000000000000005,3.8689240000000007
0.55,3,Cam Skattebo,RB,11.749672551020407,13.0,1.2503274489795935
0.55,3,Jaylen Warren,RB,10.623809929006676,20.6,9.976190070993326
0.55,3,Quinshon Judkins,RB,7.869790356164383,9.9,2.030209643835617
0.55,3,Rhamondre Stevenson,RB,9.885989,6.800000000000001,3.0859889999999996
0.55,3,Bhayshul Tuten,RB,12.690174448828031,17.0,4.3098255511719685
0.55,3,Travis Etienne,RB,10.3972325287528,9.0,1.3972325287528005
0.55,3,TreVeyon Henderson,RB,13.805290000000001,3.9000000000000004,9.90529
0.55,3,David Montgomery,RB,17.79377575908412,6.800000000000001,10.99377575908412
0.55,3,Jacory Croskey-Merritt,RB,11.47761608695652,5.3,6.17761608695652
0.55,3,Kyren Williams,RB,17.154345009276437,21.8,4.645654990723564
0.55,3,Jeremiyah Love,RB,10.629623833992095,21.9,11.270376166007903
0.55,3,Chuba Hubbard,RB,16.358944622173194,15.0,1.358944622173194
0.55,3,Jadarian Price,RB,9.155800463519311,1.2000000000000002,7.955800463519311
0.55,3,Woody Marks,RB,8.622490331360947,9.1,0.477509668639053
0.55,3,Tyler Allgeier,RB,7.662733692307691,4.9,2.762733692307691
0.55,3,Rachaad White,RB,11.776777857142859,11.100000000000001,0.6767778571428575
0.55,3,Emanuel Wilson,RB,7.596530457831325,1.4000000000000001,6.196530457831325
0.55,3,Tony Pollard,RB,7.514896786906086,13.600000000000001,6.085103213093915
0.55,3,Kyle Monangai,RB,18.398960999999996,3.1,15.298960999999997
0.55,3,Saquon Barkley,RB,8.213296402234638,9.0,0.7867035977653618
0.55,3,Blake Corum,RB,10.67876164864865,3.5,7.178761648648649
0.55,3,Brian Robinson,RB,9.46799497029703,11.0,1.5320050297029706
0.55,3,MarShawn Lloyd,RB,8.244140467477525,3.8,4.444140467477525
0.55,3,Kaelon Black,RB,6.968443310344829,1.7000000000000002,5.2684433103448285
0.55,3,Tyjae Spears,RB,8.72447379310345,0.5,8.22447379310345
0.55,3,Tank Bigsby,RB,10.71291157894737,-0.5,11.21291157894737
0.55,3,J.K. Dobbins,RB,5.56288556043956,6.300000000000001,0.7371144395604405
0.55,3,Kendre Miller,RB,13.03962,3.9000000000000004,9.139619999999999
0.55,3,RJ Harvey,RB,9.860291,10.7,0.8397089999999992
0.55,3,Braelon Allen,RB,11.702555448275863,4.7,7.002555448275863
0.55,3,Emmett Johnson,RB,12.069387234042553,1.7000000000000002,10.369387234042552
0.55,3,Chris Brooks,RB,5.593607295146217,1.4,4.193607295146217
0.55,3,Kenny Gainwell,RB,6.420407012109266,3.0,3.4204070121092656
0.55,3,Trey McBride,TE,13.368419030837007,16.5,3.131580969162993
0.55,3,Dalton Schultz,TE,13.546209168141594,6.0,7.546209168141594
0.55,3,Isaiah Likely,TE,11.66091153846154,3.3,8.36091153846154
0.55,3,Travis Kelce,TE,14.397012048192773,13.9,0.4970120481927722
0.55,3,Sam LaPorta,TE,11.561063892617453,7.4,4.161063892617452
0.55,3,Dalton Kincaid,TE,14.623219154929577,3.8000000000000003,10.823219154929577
0.55,3,Mike Gesicki,TE,14.919680000000003,12.7,2.219680000000004
0.55,3,Mark Andrews,TE,7.779228977099236,5.4,2.3792289770992356
0.55,3,Tyler Warren,TE,9.959416393442625,14.7,4.740583606557374
0.55,3,Cade Otton,TE,6.576126810810811,8.600000000000001,2.0238731891891906
0.55,3,Terrance Ferguson,TE,8.241896666666667,1.9,6.341896666666667
0.55,3,Pat Freiermuth,TE,11.832160000000002,5.1,6.732160000000002
0.55,3,Juwan Johnson,TE,13.408926355140185,23.3,9.891073644859816
0.55,3,Michael Mayer,TE,6.2225932523364476,12.2,5.977406747663552
0.55,3,Harold Fannin Jr.,TE,6.756100903225805,24.1,17.343899096774194
0.55,3,George Kittle,TE,10.401200898876407,26.200000000000003,15.798799101123596
0.55,3,T.J. Hockenson,TE,7.59975011235955,3.1,4.49975011235955
0.55,3,Tucker Kraft,TE,6.792408206896554,6.6,0.19240820689655447
0.55,3,Hunter Henry,TE,6.182286195121952,1.5,4.682286195121952
0.55,3,Austin Hooper,TE,4.0273,9.1,5.072699999999999
0.55,3,Noah Fant,TE,8.524635,19.3,10.775365
0.55,3,Tommy Tremble,TE,4.433636358208955,7.1000000000000005,2.6663636417910457
0.55,3,Gunnar Helm,TE,5.159073671641791,3.4000000000000004,1.759073671641791
0.55,3,Kenyon Sadiq,TE,6.113196,23.5,17.386803999999998
0.55,3,Jake Ferguson,TE,10.487110000000001,9.3,1.1871100000000006
0.55,3,Johnny Mundt,TE,3.841552,1.4,2.441552
0.55,3,Jonnu Smith,TE,8.653782000000001,3.6,5.053782000000002
0.55,3,Drew Sample,TE,6.183296,1.0,5.183296
0.55,3,John Bates,TE,4.635485999999999,1.9,2.7354859999999994
0.55,3,Sam Roush,TE,2.8566359999999995,2.6,0.2566359999999994
0.55,3,Evan Engram,TE,9.98073,0.0,9.98073
0.55,3,Darren Waller,TE,12.383032941176474,10.100000000000001,2.2830329411764723
0.55,3,Greg Dulcich,TE,4.650540705882354,10.5,5.849459294117646
0.55,3,Colston Loveland,TE,2.725236,7.1,4.374763999999999
0.55,3,Brenton Strange,TE,8.038085714285716,6.2,1.8380857142857154
0.55,3,Amon-Ra St. Brown,WR,24.079597758364315,11.9,12.179597758364315
0.55,3,Chris Olave,WR,21.805879145374455,19.700000000000003,2.105879145374452
0.55,3,Jaxon Smith-Njigba,WR,21.996089272727275,35.36,13.363910727272724
0.55,3,DeVonta Smith,WR,15.000021527918783,12.5,2.5000215279187827
0.55,3,Christian Watson,WR,18.786418647668395,22.6,3.8135813523316067
0.55,3,DK Metcalf,WR,6.955255460317461,12.1,5.144744539682539
0.55,3,Parker Washington,WR,13.355562483870967,13.0,0.3555624838709672
0.55,3,Tetairoa McMillan,WR,12.675446153846156,3.7,8.975446153846157
0.55,3,Jalen Coker,WR,20.81324,3.8,17.01324
0.55,3,CeeDee Lamb,WR,21.21224007017544,20.200000000000003,1.0122400701754373
0.55,3,Matthew Golden,WR,11.192730586206897,21.0,9.807269413793103
0.55,3,Davante Adams,WR,19.97943612195122,20.700000000000003,0.7205638780487824
0.55,3,Tee Higgins,WR,10.852624000000002,21.0,10.147375999999998
0.55,3,Germie Bernard,WR,7.823538,2.4000000000000004,5.423538
0.55,3,Devaughn Vele,WR,16.341227620253164,6.9,9.441227620253164
0.55,3,Xavier Hutchinson,WR,7.821953215686274,8.5,0.6780467843137261
0.55,3,Stefon Diggs,WR,15.763184489795917,7.300000000000001,8.463184489795916
0.55,3,Justin Jefferson,WR,13.582731714285714,5.2,8.382731714285715
0.55,3,George Pickens,WR,7.954165169014086,15.200000000000001,7.245834830985915
0.55,3,Garrett Wilson,WR,15.125740571428572,26.700000000000003,11.57425942857143
0.55,3,Michael Wilson,WR,6.805636999999998,25.9,19.094363
0.55,3,Jaylen Waddle,WR,11.792950211678834,6.4,5.3929502116788335
0.55,3,KC Concepcion,WR,8.635091567567567,2.9,5.735091567567567
0.55,3,Kalif Raymond,WR,12.065667999999999,21.0,8.934332000000001
0.55,3,Terry McLaurin,WR,6.492811111111111,19.7,13.207188888888888
0.55,3,Ja'Marr Chase,WR,15.322135111111113,24.8,9.477864888888888
0.55,3,Josh Downs,WR,10.160925777777779,12.7,2.5390742222222205
0.55,3,Malik Washington,WR,7.476449763779526,11.100000000000001,3.623550236220475
0.55,3,Xavier Worthy,WR,10.629766030534352,4.0,6.629766030534352
0.55,3,Luther Burden III,WR,9.093814557377048,19.8,10.706185442622953
0.55,3,Jameson Williams,WR,7.982870600000002,8.9,0.9171293999999985
0.55,3,Malik Nabers,WR,6.628092800000001,7.6,0.9719071999999986
0.55,3,Deebo Samuel Sr.,WR,11.490307579439254,15.4,3.909692420560747
0.55,3,Khalil Shakir,WR,8.096505,1.6,6.496505000000001
0.55,3,Zay Flowers,WR,18.269475,15.4,2.8694749999999996
0.55,3,Roman Wilson,WR,8.471537999999997,15.0,6.528462000000003
0.55,3,Quentin Johnston,WR,4.1152545,7.0,2.8847455
0.55,3,Emeka Egbuka,WR,11.9881576146789,11.2,0.7881576146789016
0.55,3,Brian Thomas Jr.,WR,6.908393956521739,1.8,5.1083939565217396
0.55,3,Tre Tucker,WR,15.204357734513271,8.3,6.904357734513271
0.55,3,Denzel Boston,WR,16.04740183185841,8.100000000000001,7.947401831858407
0.55,3,Keenan Allen,WR,5.652502128440367,18.3,12.647497871559633
0.55,3,Carnell Tate,WR,6.6152679357798165,11.8,5.184732064220184
0.55,3,Rashod Bateman,WR,12.445052777777779,5.7,6.7450527777777785
0.55,3,Kendrick Bourne,WR,10.102276999999999,4.2,5.902276999999999
0.55,3,Drake London,WR,8.43183476923077,28.400000000000002,19.96816523076923
0.55,3,Ted Hurst III,WR,6.495494230769231,11.0,4.504505769230769
0.55,3,Dontayvion Wicks,WR,15.535264764705886,5.2,10.335264764705887
0.55,3,Ryan Flournoy,WR,7.10868405882353,4.2,2.90868405882353
0.55,3,Malachi Fields,WR,5.676600705882354,3.9000000000000004,1.7766007058823536
0.55,4,Jacoby Brissett,QB,19.146475,10.440000000000001,8.706474999999998
0.55,4,Tyler Shough,QB,27.4135,15.94,11.4735
0.55,4,Jordan Love,QB,19.181525,13.079999999999998,6.101525000000002
0.55,4,Matthew Stafford,QB,21.822650000000003,9.68,12.142650000000003
0.55,4,Bryce Young,QB,20.351402500000003,21.46,1.1085974999999983
0.55,4,Dak Prescott,QB,19.853724999999997,18.099999999999998,1.7537249999999993
0.55,4,Aaron Rodgers,QB,17.874175,21.96,4.085825
0.55,4,Geno Smith,QB,19.920875000000002,8.76,11.160875000000003
0.55,4,C.J. Stroud,QB,14.552874999999998,23.080000000000002,8.527125000000003
0.55,4,Jared Goff,QB,21.325225,20.48,0.8452249999999992
0.55,4,Josh Allen,QB,28.23965,18.520000000000003,9.719649999999998
0.55,4,Malik Willis,QB,15.13355,2.5,12.63355
0.55,4,Joe Burrow,QB,20.58645,23.720000000000002,3.133550000000003
0.55,4,Deshaun Watson,QB,18.41975,12.920000000000002,5.499749999999999
0.55,4,Daniel Jones,QB,13.015299999999998,7.92,5.095299999999998
0.55,4,Bo Nix,QB,17.992874999999998,13.56,4.4328749999999975
0.55,4,Kirk Cousins,QB,21.197224999999996,22.6,1.4027750000000054
0.55,4,Justin Herbert,QB,14.066249999999998,9.56,4.506249999999998
0.55,4,Cam Ward,QB,13.1539,15.580000000000002,2.4261000000000017
0.55,4,Jalen Hurts,QB,17.7567,13.520000000000001,4.236699999999997
0.55,4,Patrick Mahomes,QB,21.5277,17.0,4.527699999999999
0.55,4,Trevor Lawrence,QB,19.192,13.08,6.112
0.55,4,Drake Maye,QB,11.811825,26.159999999999997,14.348174999999996
0.55,4,Brock Purdy,QB,24.153999999999996,19.619999999999997,4.533999999999999
0.55,4,Lamar Jackson,QB,20.622049999999998,18.880000000000003,1.7420499999999954
0.55,4,Marcus Mariota,QB,15.1135,5.34,9.7735
0.55,4,Michael Penix Jr.,QB,14.27,12.72,1.549999999999999
0.55,4,Jameis Winston,QB,6.997500000000001,18.0,11.002499999999998
0.55,4,Sam Darnold,QB,17.299750000000003,13.319999999999999,3.9797500000000046
0.55,4,Kyler Murray,QB,7.498,11.48,3.982
0.55,4,Tyson Bagent,QB,5.220000000000001,8.82,3.5999999999999996
0.55,4,Jalon Daniels,QB,5.359999999999999,11.42,6.0600000000000005
0.55,4,Jahmyr Gibbs,RB,27.97692664692597,17.7,10.276926646925972
0.55,4,Bijan Robinson,RB,24.28354394219192,27.700000000000003,3.416456057808084
0.55,4,Kenneth Walker III,RB,20.076720390502835,30.900000000000002,10.823279609497167
0.55,4,Jonathan Taylor,RB,15.288784730180453,22.700000000000003,7.41121526981955
0.55,4,Ashton Jeanty,RB,13.937488453852808,18.6,4.6625115461471935
0.55,4,Derrick Henry,RB,20.972084165528695,15.9,5.072084165528695
0.55,4,James Cook,RB,17.018357299246365,16.3,0.7183572992463638
0.55,4,D'Andre Swift,RB,15.843021345231605,7.4,8.443021345231605
0.55,4,Aaron Jones,RB,10.847451935760631,16.8,5.9525480642393696
0.55,4,Jeremiyah Love,RB,15.652224352962225,6.5,9.152224352962225
0.55,4,Cam Skattebo,RB,11.380787999421292,7.6000000000000005,3.7807879994212916
0.55,4,Javonte Williams,RB,15.613472183378786,31.3,15.686527816621215
0.55,4,Bucky Irving,RB,10.609921662367158,6.1000000000000005,4.509921662367158
0.55,4,Kyren Williams,RB,18.46818737785735,36.7,18.23181262214265
0.55,4,Christian McCaffrey,RB,18.16726775998683,16.0,2.1672677599868315
0.55,4,Jaylen Warren,RB,15.076886514463688,15.600000000000001,0.5231134855363138
0.55,4,Chase Brown,RB,10.377614448913992,19.1,8.72238555108601
0.55,4,Chuba Hubbard,RB,16.329059059092003,25.9,9.570940940907995
0.55,4,Quinshon Judkins,RB,9.215616991340017,21.6,12.384383008659984
0.55,4,Tony Pollard,RB,9.91432903396594,13.0,3.08567096603406
0.55,4,Jacory Croskey-Merritt,RB,8.08149649444778,7.0,1.08149649444778
0.55,4,Omarion Hampton,RB,10.18420327422427,13.3,3.1157967257757306
0.55,4,Bhayshul Tuten,RB,15.244039582832931,11.1,4.1440395828329315
0.55,4,Saquon Barkley,RB,8.510957776725716,2.0,6.510957776725716
0.55,4,J.K. Dobbins,RB,6.143043202956489,7.2,1.0569567970435108
0.55,4,David Montgomery,RB,11.79091498337805,4.3,7.49091498337805
0.55,4,Rhamondre Stevenson,RB,8.953919829849234,18.4,9.446080170150765
0.55,4,Alvin Kamara,RB,8.069229038461538,22.8,14.730770961538463
0.55,4,Ollie Gordon II,RB,10.004056355140186,18.0,7.995943644859814
0.55,4,TreVeyon Henderson,RB,9.473282543103448,4.2,5.273282543103448
0.55,4,Blake Corum,RB,8.09414516213402,3.1,4.99414516213402
0.55,4,Kyle Monangai,RB,11.723829297499998,28.0,16.276170702500004
0.55,4,RJ Harvey,RB,10.121276565513817,19.3,9.178723434486184
0.55,4,Emanuel Wilson,RB,5.027218276119404,27.0,21.972781723880594
0.55,4,Brian Robinson,RB,12.37223680126929,25.7,13.32776319873071
0.55,4,Tyler Allgeier,RB,7.134767532258064,12.9,5.765232467741936
0.55,4,Woody Marks,RB,10.790878712757829,8.2,2.5908787127578297
0.55,4,MarShawn Lloyd,RB,7.787078875363148,9.9,2.112921124636852
0.55,4,Keaton Mitchell,RB,11.077054410818146,11.3,0.2229455891818546
0.55,4,Kenny Gainwell,RB,5.040442752060875,10.7,5.659557247939124
0.55,4,George Holani,RB,9.033993871368837,3.0,6.033993871368837
0.55,4,Kendre Miller,RB,10.39207126,1.9000000000000001,8.49207126
0.55,4,Braelon Allen,RB,8.64626738729977,8.7,0.053732612700228444
0.55,4,Kaelon Black,RB,5.572168804211303,1.3,4.2721688042113035
0.55,4,Tyler Goodson,RB,6.46589225,1.2000000000000002,5.265892249999999
0.55,4,Chris Rodriguez Jr.,RB,10.018711584507043,9.5,0.5187115845070434
0.55,4,Samaje Perine,RB,5.714223974590011,0.7000000000000001,5.014223974590011
0.55,4,Emmett Johnson,RB,7.986555373961218,2.0,5.986555373961218
0.55,4,Najee Harris,RB,6.2655235833333345,3.0,3.2655235833333345
0.55,4,Kaleb Johnson,RB,4.1001811100393075,2.2,1.9001811100393073
0.55,4,Brock Bowers,TE,18.466894615384618,20.6,2.1331053846153836
0.55,4,Trey McBride,TE,14.255743464037643,10.1,4.155743464037643
0.55,4,Tyler Warren,TE,10.769623620375986,9.100000000000001,1.6696236203759849
0.55,4,Harold Fannin Jr.,TE,12.91391893858715,11.7,1.2139189385871507
0.55,4,Tyler Higbee,TE,11.785217446043166,11.7,0.08521744604316694
0.55,4,Isaiah Likely,TE,7.26453159696859,13.600000000000001,6.3354684030314115
0.55,4,Juwan Johnson,TE,16.712149614395887,11.9,4.812149614395887
0.55,4,Dalton Schultz,TE,10.033010051224943,2.9,7.133010051224943
0.55,4,Tucker Kraft,TE,6.568637843983485,16.5,9.931362156016515
0.55,4,Kenyon Sadiq,TE,13.961398906521739,0.0,13.961398906521739
0.55,4,George Kittle,TE,13.775114560017087,17.0,3.2248854399829128
0.55,4,Cade Otton,TE,7.523930833980165,7.7,0.17606916601983524
0.55,4,AJ Barner,TE,7.641835633422579,2.2,5.441835633422579
0.55,4,Mark Andrews,TE,6.048635354980255,13.7,7.651364645019744
0.55,4,Sam LaPorta,TE,9.692949281855023,22.4,12.707050718144975
0.55,4,Darren Waller,TE,11.527797318611988,6.6,4.927797318611988
0.55,4,Pat Freiermuth,TE,8.397190224719102,10.7,2.302809775280897
0.55,4,Dalton Kincaid,TE,10.929576150670796,1.7000000000000002,9.229576150670795
0.55,4,Travis Kelce,TE,14.132241313340227,3.5,10.632241313340227
0.55,4,Mike Gesicki,TE,13.930466770833334,13.0,0.9304667708333341
0.55,4,T.J. Hockenson,TE,5.499444535990481,24.9,19.400555464009518
0.55,4,Jake Ferguson,TE,10.309193614294331,4.1,6.209193614294332
0.55,4,Michael Mayer,TE,10.297497694085028,16.200000000000003,5.902502305914975
0.55,4,Brenton Strange,TE,6.44262136275146,16.5,10.05737863724854
0.55,4,Tommy Tremble,TE,7.184928401213756,5.2,1.9849284012137556
0.55,4,Gunnar Helm,TE,4.549230682063385,3.5,1.049230682063385
0.55,4,Colston Loveland,TE,5.170893333831218,11.7,6.529106666168781
0.55,4,Foster Moreau,TE,8.320354276209677,1.1,7.220354276209678
0.55,4,Darnell Washington,TE,8.793732822580647,11.7,2.906267177419352
0.55,4,Jonnu Smith,TE,8.070598500000001,2.9000000000000004,5.1705985000000005
0.55,4,Adam Trautman,TE,3.8552642500000007,0.0,3.8552642500000007
0.55,4,Chig Okonkwo,TE,4.65164475,2.5,2.15164475
0.55,4,Hunter Henry,TE,4.511337609932088,11.2,6.688662390067911
0.55,4,Austin Hooper,TE,6.913640086206897,1.9,5.013640086206896
0.55,4,Theo Johnson,TE,2.2903567500000004,8.1,5.809643249999999
0.55,4,Jaxon Smith-Njigba,WR,26.97476464328063,12.600000000000001,14.374764643280628
0.55,4,Michael Wilson,WR,14.713046635000003,16.5,1.786953364999997
0.55,4,Chris Olave,WR,18.895303262339382,19.6,0.704696737660619
0.55,4,Davante Adams,WR,20.193719984086716,7.2,12.993719984086717
0.55,4,Nico Collins,WR,18.10935775,30.8,12.69064225
0.55,4,Matthew Golden,WR,15.90132804921541,11.7,4.201328049215411
0.55,4,Amon-Ra St. Brown,WR,17.6581710104939,15.5,2.1581710104938985
0.55,4,Garrett Wilson,WR,18.321449330097085,5.7,12.621449330097086
0.55,4,Christian Watson,WR,21.585633210566424,7.7,13.885633210566425
0.55,4,Ja'Marr Chase,WR,18.084312106355384,5.7,12.384312106355384
0.55,4,Luther Burden III,WR,12.828803555187605,11.4,1.4288035551876046
0.55,4,Malik Washington,WR,8.793748676437822,12.0,3.206251323562178
0.55,4,George Pickens,WR,11.081842505340726,9.5,1.5818425053407257
0.55,4,Josh Downs,WR,10.48392821664374,4.6,5.88392821664374
0.55,4,Puka Nacua,WR,12.552030652777775,27.700000000000003,15.147969347222228
0.55,4,CeeDee Lamb,WR,20.688347520612307,41.3,20.61165247938769
0.55,4,KC Concepcion,WR,5.35683024034911,11.4,6.04316975965089
0.55,4,Drake London,WR,14.615549319642266,14.600000000000001,0.015549319642264692
0.55,4,Emeka Egbuka,WR,10.751391718169538,3.3,7.451391718169538
0.55,4,Tee Higgins,WR,16.425413403183022,26.700000000000003,10.274586596816981
0.55,4,Wan'Dale Robinson,WR,11.548371400790348,11.0,0.548371400790348
0.55,4,Xavier Hutchinson,WR,8.031048399332592,7.6000000000000005,0.43104839933259154
0.55,4,Carnell Tate,WR,9.012344891717326,21.5,12.487655108282674
0.55,4,Jaylen Waddle,WR,7.500479565587812,14.5,6.999520434412188
0.55,4,DJ Moore,WR,10.092015414325841,2.7,7.392015414325841
0.55,4,Stefon Diggs,WR,12.067100139713588,8.5,3.567100139713588
0.55,4,DK Metcalf,WR,10.24380103507676,16.5,6.2561989649232395
0.55,4,Parker Washington,WR,13.794958683038935,2.0,11.794958683038935
0.55,4,Kalif Raymond,WR,16.88279186396527,2.6,14.28279186396527
0.55,4,Devaughn Vele,WR,12.064285196389498,17.4,5.3357148036105
0.55,4,Tetairoa McMillan,WR,9.671302558436816,45.2,35.52869744156319
0.55,4,Ryan Flournoy,WR,5.485877616598207,7.7,2.2141223834017936
0.55,4,Jordan Addison,WR,10.785468001801291,9.100000000000001,1.68546800180129
0.55,4,Mack Hollins,WR,10.615867260307782,8.3,2.3158672603077815
0.55,4,Zay Flowers,WR,14.743148541666667,25.8,11.056851458333334
0.55,4,Malik Nabers,WR,6.7912774212678935,23.200000000000003,16.40872257873211
0.55,4,Roman Wilson,WR,12.64912675,16.4,3.750873249999998
0.55,4,Quentin Johnston,WR,5.4542576223381145,5.0,0.4542576223381145
0.55,4,Courtland Sutton,WR,6.7206592129965825,1.4,5.320659212996583
0.55,4,Tre Harris,WR,10.631977401043908,9.0,1.6319774010439083
0.55,4,Mike Evans,WR,12.374203954670328,12.600000000000001,0.22579604532967323
0.55,4,Jakobi Meyers,WR,14.810037404502726,6.300000000000001,8.510037404502725
0.55,4,Konata Mumpfield,WR,15.203240799227567,1.7000000000000002,13.503240799227566
0.55,4,Dontayvion Wicks,WR,9.69065184477205,4.8,4.890651844772051
0.55,4,Jameson Williams,WR,9.752851926122197,16.200000000000003,6.4471480738778055
0.55,4,Ladd McConkey,WR,12.866933823065175,0.0,12.866933823065175
0.55,4,Rome Odunze,WR,8.927671467330269,15.4,6.4723285326697315
0.55,4,Skyy Moore,WR,5.991457458289886,0.8,5.191457458289886
0.55,4,Tre Tucker,WR,13.089645724037956,8.4,4.689645724037955
0.55,4,Denzel Boston,WR,12.564402434699524,12.9,0.3355975653004766
0.6,2,Tyler Shough,QB,23.41142857142857,22.38,1.0314285714285703
0.6,2,Aaron Rodgers,QB,13.219999999999999,3.9800000000000004,9.239999999999998
0.6,2,Jacoby Brissett,QB,16.47,6.500000000000001,9.969999999999999
0.6,2,Jordan Love,QB,23.319999999999993,13.8,9.519999999999992
0.6,2,Jared Goff,QB,16.37,29.779999999999998,13.409999999999997
0.6,2,Joe Burrow,QB,16.11,16.18,0.07000000000000028
0.6,2,C.J. Stroud,QB,20.200000000000003,17.020000000000003,3.1799999999999997
0.6,2,Drake Maye,QB,15.910000000000002,8.02,7.890000000000002
0.6,2,Jaxson Dart,QB,25.41,0.8,24.61
0.6,2,Brock Purdy,QB,23.06,28.48,5.420000000000002
0.6,2,Bryce Young,QB,29.47,24.080000000000002,5.389999999999997
0.6,2,Jayden Daniels,QB,17.860000000000003,14.74,3.1200000000000028
0.6,2,Caleb Williams,QB,36.97,7.720000000000001,29.25
0.6,2,Dak Prescott,QB,16.18,29.76,13.580000000000002
0.6,2,Cam Ward,QB,12.42,20.02,7.6
0.6,2,Kirk Cousins,QB,18.2,20.220000000000002,2.020000000000003
0.6,2,Josh Allen,QB,28.810000000000002,40.82,12.009999999999998
0.6,2,Patrick Mahomes,QB,23.39,28.98,5.59
0.6,2,Baker Mayfield,QB,19.04,12.180000000000001,6.859999999999998
0.6,2,Malik Willis,QB,20.05,12.479999999999999,7.570000000000002
0.6,2,Lamar Jackson,QB,23.75,14.8,8.95
0.6,2,Daniel Jones,QB,10.790000000000001,11.4,0.6099999999999994
0.6,2,Justin Herbert,QB,15.290000000000001,7.88,7.410000000000001
0.6,2,Jalen Hurts,QB,21.89,16.160000000000004,5.729999999999997
0.6,2,Bo Nix,QB,10.100000000000001,14.12,4.019999999999998
0.6,2,Geno Smith,QB,11.36,15.580000000000002,4.220000000000002
0.6,2,Deshaun Watson,QB,16.14,19.72,3.5799999999999983
0.6,2,Matthew Stafford,QB,7.970000000000001,26.979999999999997,19.009999999999998
0.6,2,Trevor Lawrence,QB,17.77,6.16,11.61
0.6,2,Carson Wentz,QB,13.270000000000001,6.32,6.950000000000001
0.6,2,Drew Lock,QB,12.68,21.4,8.719999999999999
0.6,2,Cooper Rush,QB,9.499999999999998,-0.56,10.059999999999999
0.6,2,Jahmyr Gibbs,RB,24.59423275862069,23.3,1.2942327586206908
0.6,2,Bijan Robinson,RB,16.523157142857144,11.1,5.423157142857145
0.6,2,Kenneth Walker III,RB,24.662195652173914,23.8,0.8621956521739129
0.6,2,Ashton Jeanty,RB,18.421278260869563,10.3,8.121278260869563
0.6,2,Rhamondre Stevenson,RB,11.25355,3.6000000000000005,7.65355
0.6,2,Derrick Henry,RB,31.033250000000002,17.700000000000003,13.33325
0.6,2,Jonathan Taylor,RB,18.216427631578952,29.200000000000003,10.98357236842105
0.6,2,Breece Hall,RB,18.367545454545457,14.200000000000001,4.167545454545456
0.6,2,Chase Brown,RB,15.020749999999998,11.200000000000001,3.8207499999999968
0.6,2,David Montgomery,RB,23.628000000000007,4.4,19.22800000000001
0.6,2,Travis Etienne,RB,13.591,7.1,6.491
0.6,2,Christian McCaffrey,RB,13.788249999999998,22.6,8.811750000000004
0.6,2,Tyler Allgeier,RB,10.9312,3.9000000000000004,7.0312
0.6,2,D'Andre Swift,RB,35.25064999999999,12.9,22.350649999999995
0.6,2,Javonte Williams,RB,17.175,8.0,9.175
0.6,2,Jaylen Warren,RB,10.839400000000001,9.7,1.139400000000002
0.6,2,James Cook,RB,8.493069230769233,20.9,12.406930769230765
0.6,2,De'Von Achane,RB,7.980877272727273,12.3,4.3191227272727275
0.6,2,Bucky Irving,RB,18.2955,13.0,5.2955000000000005
0.6,2,Saquon Barkley,RB,9.40875,3.0,6.4087499999999995
0.6,2,Cam Skattebo,RB,15.546750000000001,9.5,6.046750000000001
0.6,2,Jacory Croskey-Merritt,RB,15.375,5.800000000000001,9.575
0.6,2,Jeremiyah Love,RB,16.896795454545455,7.5,9.396795454545455
0.6,2,Bhayshul Tuten,RB,11.609450000000002,14.2,2.590549999999997
0.6,2,Rico Dowdle,RB,5.779300000000001,6.4,0.6206999999999994
0.6,2,Kyren Williams,RB,17.04131818181818,15.700000000000001,1.3413181818181794
0.6,2,Kaelon Black,RB,11.072285714285718,2.5,8.572285714285718
0.6,2,Quinshon Judkins,RB,7.1576,9.8,2.6424000000000003
0.6,2,Chuba Hubbard,RB,22.397800000000004,14.4,7.997800000000003
0.6,2,MarShawn Lloyd,RB,5.88299230769231,8.6,2.71700769230769
0.6,2,Aaron Jones,RB,14.196500000000002,10.5,3.696500000000002
0.6,2,Kyle Monangai,RB,27.19975,7.800000000000001,19.39975
0.6,2,Jadarian Price,RB,8.560000000000002,5.0,3.5600000000000023
0.6,2,Devin Singletary,RB,11.857850000000001,0.9,10.95785
0.6,2,Omarion Hampton,RB,10.542250000000001,17.5,6.957749999999999
0.6,2,Braelon Allen,RB,8.6087,8.5,0.10870000000000068
0.6,2,Emmett Johnson,RB,11.057649999999999,5.5,5.557649999999999
0.6,2,Woody Marks,RB,10.6521,8.5,2.152100000000001
0.6,2,Tony Pollard,RB,6.26275,7.5,1.2372500000000004
0.6,2,Rachaad White,RB,8.320171428571431,14.3,5.97982857142857
0.6,2,Blake Corum,RB,8.908800000000003,10.200000000000001,1.2911999999999981
0.6,2,Samaje Perine,RB,11.230850000000002,3.2,8.030850000000001
0.6,2,George Holani,RB,5.3901,2.5,2.8901000000000003
0.6,2,Brian Robinson,RB,6.225800000000001,8.7,2.474199999999998
0.6,2,Tyjae Spears,RB,5.489535714285715,9.0,3.510464285714285
0.6,2,Chris Brooks,RB,6.618300000000001,3.6,3.0183000000000013
0.6,2,J.K. Dobbins,RB,5.085,3.6,1.4849999999999999
0.6,2,Justice Hill,RB,8.991850000000001,3.8,5.191850000000001
0.6,2,Jonathon Brooks,RB,9.8551,2.1,7.7551000000000005
0.6,2,Mike Washington Jr.,RB,10.699657142857145,0.7000000000000001,9.999657142857146
0.6,2,Trey McBride,TE,13.446730769230772,18.1,4.653269230769229
0.6,2,Dalton Schultz,TE,5.795325000000001,26.0,20.204674999999998
0.6,2,Noah Fant,TE,13.1005,0.0,13.1005
0.6,2,Isaiah Likely,TE,13.999875,8.3,5.699874999999999
0.6,2,Sam LaPorta,TE,7.649225000000001,17.2,9.550774999999998
0.6,2,Juwan Johnson,TE,15.696000000000002,10.600000000000001,5.096
0.6,2,Michael Mayer,TE,6.587000000000001,5.300000000000001,1.287
0.6,2,Mark Andrews,TE,6.242500000000001,10.9,4.6575
0.6,2,Dalton Kincaid,TE,10.28685,22.5,12.21315
0.6,2,Tucker Kraft,TE,9.534800000000004,3.5,6.034800000000004
0.6,2,Travis Kelce,TE,8.292550000000002,25.1,16.80745
0.6,2,George Kittle,TE,3.5186000000000006,18.0,14.481399999999999
0.6,2,Evan Engram,TE,10.726400000000002,2.7,8.026400000000002
0.6,2,David Njoku,TE,8.537650000000003,1.9,6.6376500000000025
0.6,2,Dallas Goedert,TE,12.012500000000003,1.4,10.612500000000002
0.6,2,T.J. Hockenson,TE,9.1234,5.9,3.2234
0.6,2,Pat Freiermuth,TE,14.824000000000002,7.4,7.424000000000001
0.6,2,Tommy Tremble,TE,5.921200000000001,1.4,4.5212
0.6,2,Cade Otton,TE,4.8185,8.8,3.9815000000000005
0.6,2,Tyler Warren,TE,8.109,14.4,6.291
0.6,2,Gunnar Helm,TE,6.407900000000001,3.3,3.1079000000000008
0.6,2,Josh Oliver,TE,3.8015999999999996,3.4000000000000004,0.4015999999999993
0.6,2,Kenyon Sadiq,TE,5.6451,3.7,1.9451
0.6,2,Hunter Henry,TE,7.572950000000001,7.0,0.5729500000000014
0.6,2,Cole Kmet,TE,10.373000000000001,0.0,10.373000000000001
0.6,2,Brenton Strange,TE,7.385000000000002,3.7,3.6850000000000014
0.6,2,Harold Fannin Jr.,TE,4.2738000000000005,10.4,6.1262
0.6,2,Darren Waller,TE,10.461700000000002,18.3,7.8382999999999985
0.6,2,Foster Moreau,TE,7.543200000000001,5.4,2.1432
0.6,2,Colby Parkinson,TE,2.8552,3.5,0.6448
0.6,2,Luke Farrell,TE,7.6516,0.0,7.6516
0.6,2,Greg Dulcich,TE,6.103050000000001,3.7,2.4030500000000012
0.6,2,Jake Ferguson,TE,5.0061,20.3,15.2939
0.6,2,Darnell Washington,TE,8.601,1.7000000000000002,6.901000000000001
0.6,2,Brevyn Spann-Ford,TE,6.6341,0.0,6.6341
0.6,2,Amon-Ra St. Brown,WR,19.323425000000004,35.2,15.876574999999999
0.6,2,Chris Olave,WR,25.739163461538464,22.6,3.1391634615384625
0.6,2,Matthew Golden,WR,12.390725000000002,9.8,2.590725000000001
0.6,2,Jaxon Smith-Njigba,WR,15.228495454545456,42.5,27.271504545454544
0.6,2,DK Metcalf,WR,7.154225000000001,6.7,0.454225000000001
0.6,2,Stefon Diggs,WR,12.809533333333334,21.7,8.890466666666665
0.6,2,Kalif Raymond,WR,12.408941666666669,9.0,3.408941666666669
0.6,2,Justin Jefferson,WR,16.60565,8.5,8.10565
0.6,2,Jameson Williams,WR,8.048925,5.300000000000001,2.748925
0.6,2,Malik Nabers,WR,9.832825000000003,1.1,8.732825000000004
0.6,2,Devaughn Vele,WR,23.66645833333333,11.4,12.26645833333333
0.6,2,Jalen Coker,WR,25.455616666666664,14.600000000000001,10.855616666666663
0.6,2,CeeDee Lamb,WR,13.775300000000003,35.3,21.524699999999996
0.6,2,Kendrick Bourne,WR,14.260275000000002,3.1,11.160275000000002
0.6,2,DJ Moore,WR,16.767975,-0.1,16.867975
0.6,2,Christian Watson,WR,25.414225000000002,14.100000000000001,11.314225
0.6,2,Malik Washington,WR,6.694675,8.7,2.005324999999999
0.6,2,Tetairoa McMillan,WR,12.366200000000003,15.100000000000001,2.7337999999999987
0.6,2,Deebo Samuel Sr.,WR,16.78675,6.5,10.286750000000001
0.6,2,Mike Evans,WR,16.679607142857144,8.4,8.279607142857143
0.6,2,Garrett Wilson,WR,10.968346428571433,16.7,5.731653571428566
0.6,2,Michael Wilson,WR,11.433935714285717,3.8,7.633935714285717
0.6,2,DeMario Douglas,WR,7.143189285714287,1.9,5.243189285714287
0.6,2,Jayden Reed,WR,6.205725000000001,1.4,4.805725000000001
0.6,2,Ladd McConkey,WR,16.00779642857143,6.5,9.507796428571432
0.6,2,Caleb Douglas,WR,12.190478571428573,3.9000000000000004,8.290478571428572
0.6,2,KC Concepcion,WR,8.17445,8.2,0.025549999999999073
0.6,2,Keenan Allen,WR,9.094000000000001,1.5,7.594000000000001
0.6,2,Davante Adams,WR,5.628025000000002,39.5,33.871975
0.6,2,Tee Higgins,WR,10.342575000000004,14.5,4.157424999999996
0.6,2,DeVonta Smith,WR,7.538125000000002,27.700000000000003,20.161875000000002
0.6,2,George Pickens,WR,6.663050000000002,10.0,3.336949999999998
0.6,2,Khalil Shakir,WR,9.049725,6.800000000000001,2.2497249999999998
0.6,2,Alec Pierce,WR,10.631500000000003,2.1,8.531500000000003
0.6,2,Wan'Dale Robinson,WR,9.499875000000001,1.9,7.599875000000001
0.6,2,Quentin Johnston,WR,4.150725,2.4000000000000004,1.750725
0.6,2,Parker Washington,WR,15.573975000000004,16.8,1.2260249999999964
0.6,2,Xavier Hutchinson,WR,7.807200000000002,6.7,1.1072000000000015
0.6,2,Roman Wilson,WR,7.324225,7.800000000000001,0.4757750000000005
0.6,2,Xavier Worthy,WR,4.78605,13.5,8.71395
0.6,2,Emeka Egbuka,WR,11.000500000000002,10.3,0.7005000000000017
0.6,2,Pat Bryant,WR,8.031875000000001,1.6,6.431875000000002
0.6,2,Tre Harris,WR,4.890725000000001,6.300000000000001,1.409275
0.6,2,Carnell Tate,WR,8.449875,5.7,2.7498750000000003
0.6,2,Luther Burden III,WR,12.4159,6.2,6.2159
0.6,2,Mack Hollins,WR,11.616475000000001,3.8,7.816475000000001
0.6,2,Courtland Sutton,WR,4.049375000000001,5.5,1.4506249999999987
0.6,2,Jalen Nailor,WR,6.897600000000001,1.9,4.9976
0.6,2,Chris Godwin Jr.,WR,10.168000000000001,8.8,1.3680000000000003
0.6,2,Drake London,WR,5.700475000000002,8.9,3.1995249999999986
0.6,3,C.J. Stroud,QB,16.77604149377593,11.68,5.096041493775932
0.6,3,Tyler Shough,QB,24.68,23.800000000000004,0.8799999999999955
0.6,3,Patrick Mahomes,QB,26.462000000000003,15.94,10.522000000000004
0.6,3,Aaron Rodgers,QB,10.462000000000002,22.68,12.217999999999998
0.6,3,Jared Goff,QB,24.236,19.36,4.876000000000001
0.6,3,Josh Allen,QB,38.454,17.46,20.994
0.6,3,Geno Smith,QB,13.05,26.04,12.989999999999998
0.6,3,Jalen Hurts,QB,22.010000000000005,12.620000000000001,9.390000000000004
0.6,3,Bryce Young,QB,26.740000000000002,13.64,13.100000000000001
0.6,3,Baker Mayfield,QB,15.248,11.28,3.968
0.6,3,Dak Prescott,QB,23.078000000000003,18.94,4.138000000000002
0.6,3,Joe Burrow,QB,16.002,22.580000000000002,6.578000000000003
0.6,3,Jacoby Brissett,QB,11.556,25.6,14.044000000000002
0.6,3,Jordan Love,QB,17.434,18.48,1.0459999999999994
0.6,3,Bo Nix,QB,13.802,24.14,10.338000000000001
0.6,3,Kirk Cousins,QB,20.066,22.220000000000002,2.1540000000000035
0.6,3,Lamar Jackson,QB,20.578000000000003,20.44,0.13800000000000168
0.6,3,Deshaun Watson,QB,18.360000000000003,20.259999999999998,1.899999999999995
0.6,3,Daniel Jones,QB,12.278,7.9,4.378
0.6,3,Matthew Stafford,QB,20.473999999999997,20.900000000000002,0.4260000000000055
0.6,3,Drake Maye,QB,12.388,3.76,8.628
0.6,3,Justin Herbert,QB,13.190000000000003,12.740000000000002,0.45000000000000107
0.6,3,Brock Purdy,QB,26.060000000000002,31.28,5.219999999999999
0.6,3,Jameis Winston,QB,7.2700000000000005,6.12,1.1500000000000004
0.6,3,Cam Ward,QB,14.044000000000002,9.44,4.604000000000003
0.6,3,Trevor Lawrence,QB,15.19,19.78,4.590000000000002
0.6,3,Malik Willis,QB,14.722,10.0,4.7219999999999995
0.6,3,Marcus Mariota,QB,9.675000000000002,20.42,10.745
0.6,3,Kyler Murray,QB,5.5200000000000005,10.419999999999998,4.899999999999998
0.6,3,Sam Darnold,QB,5.58,27.66,22.08
0.6,3,Andy Dalton,QB,14.727720000000001,-2.0,16.72772
0.6,3,Case Keenum,QB,14.87676,24.480000000000004,9.603240000000003
0.6,3,Kenneth Walker III,RB,20.774765617433413,21.3,0.5252343825665875
0.6,3,Ashton Jeanty,RB,14.391419609674731,12.3,2.0914196096747304
0.6,3,Jahmyr Gibbs,RB,20.899387880133187,41.400000000000006,20.50061211986682
0.6,3,Jonathan Taylor,RB,22.299799272727274,9.2,13.099799272727275
0.6,3,Bijan Robinson,RB,15.053058,35.3,20.246941999999997
0.6,3,Chase Brown,RB,11.665534879227053,8.9,2.7655348792270527
0.6,3,De'Von Achane,RB,9.154744878048781,1.7000000000000002,7.454744878048781
0.6,3,Breece Hall,RB,14.856175652173917,8.5,6.356175652173917
0.6,3,James Cook,RB,15.103851870456047,19.4,4.296148129543951
0.6,3,Derrick Henry,RB,21.58108,21.9,0.31891999999999854
0.6,3,D'Andre Swift,RB,21.290156302521012,10.8,10.490156302521012
0.6,3,Bucky Irving,RB,13.743510998851898,7.800000000000001,5.943510998851897
0.6,3,Omarion Hampton,RB,15.211460645161292,5.6000000000000005,9.61146064516129
0.6,3,Aaron Jones,RB,10.031189677419356,14.200000000000001,4.168810322580645
0.6,3,Javonte Williams,RB,12.360913454545456,18.3,5.939086545454545
0.6,3,Christian McCaffrey,RB,19.15881942857143,21.6,2.4411805714285713
0.6,3,Alvin Kamara,RB,8.900208,5.1000000000000005,3.8002079999999987
0.6,3,Cam Skattebo,RB,11.339640000000001,13.0,1.660359999999999
0.6,3,Jaylen Warren,RB,10.570618566037737,20.6,10.029381433962264
0.6,3,Quinshon Judkins,RB,7.968767157894738,9.9,1.9312328421052625
0.6,3,Rhamondre Stevenson,RB,9.731648000000002,6.800000000000001,2.931648000000001
0.6,3,Bhayshul Tuten,RB,12.785076086956522,17.0,4.214923913043478
0.6,3,TreVeyon Henderson,RB,13.744480000000001,3.9000000000000004,9.84448
0.6,3,Travis Etienne,RB,10.071482285714286,9.0,1.0714822857142856
0.6,3,David Montgomery,RB,17.191862068965516,6.800000000000001,10.391862068965516
0.6,3,Kyren Williams,RB,16.97064551724138,21.8,4.829354482758621
0.6,3,Jacory Croskey-Merritt,RB,11.127832941176472,5.3,5.827832941176472
0.6,3,Jeremiyah Love,RB,10.206353613445378,21.9,11.69364638655462
0.6,3,Chuba Hubbard,RB,15.861485714285713,15.0,0.8614857142857133
0.6,3,Jadarian Price,RB,9.187892338983051,1.2000000000000002,7.987892338983051
0.6,3,Woody Marks,RB,8.598832571428574,9.1,0.501167428571426
0.6,3,Emanuel Wilson,RB,7.955099462686568,1.4000000000000001,6.5550994626865675
0.6,3,Rachaad White,RB,12.134024415584419,11.100000000000001,1.0340244155844172
0.6,3,Tony Pollard,RB,7.666902857142857,13.600000000000001,5.933097142857145
0.6,3,Kyle Monangai,RB,17.564771200000003,3.1,14.464771200000003
0.6,3,Tyler Allgeier,RB,7.385974857142855,4.9,2.485974857142855
0.6,3,Blake Corum,RB,11.038227428571428,3.5,7.538227428571428
0.6,3,Brian Robinson,RB,9.688835764705884,11.0,1.3111642352941164
0.6,3,Saquon Barkley,RB,8.02905942857143,9.0,0.9709405714285708
0.6,3,MarShawn Lloyd,RB,8.276902545454545,3.8,4.4769025454545455
0.6,3,Kaelon Black,RB,6.689700244897961,1.7000000000000002,4.989700244897961
0.6,3,Tank Bigsby,RB,11.092457560975609,-0.5,11.592457560975609
0.6,3,Tyjae Spears,RB,9.05478857142857,0.5,8.55478857142857
0.6,3,J.K. Dobbins,RB,5.6220928695652175,6.300000000000001,0.6779071304347832
0.6,3,Kendre Miller,RB,13.020240000000001,3.9000000000000004,9.12024
0.6,3,RJ Harvey,RB,9.991772,10.7,0.7082280000000001
0.6,3,Braelon Allen,RB,12.322606857142857,4.7,7.6226068571428565
0.6,3,Chris Brooks,RB,5.563458,1.4,4.163458
0.6,3,Will Shipley,RB,7.03197,2.1,4.93197
0.6,3,Emmett Johnson,RB,12.285334545454546,1.7000000000000002,10.585334545454547
0.6,3,Dalton Schultz,TE,14.192705379310345,6.0,8.192705379310345
0.6,3,Trey McBride,TE,13.160420000000002,16.5,3.339579999999998
0.6,3,Isaiah Likely,TE,10.967600000000001,3.3,7.667600000000001
0.6,3,Travis Kelce,TE,14.915767441860467,13.9,1.0157674418604667
0.6,3,Sam LaPorta,TE,11.903100540540544,7.4,4.503100540540544
0.6,3,Dalton Kincaid,TE,14.95638666666667,3.8000000000000003,11.15638666666667
0.6,3,Mike Gesicki,TE,14.874559999999999,12.7,2.1745599999999996
0.6,3,Mark Andrews,TE,7.867672,5.4,2.4676719999999994
0.6,3,Tyler Warren,TE,10.104000000000003,14.7,4.5959999999999965
0.6,3,Terrance Ferguson,TE,8.68176,1.9,6.78176
0.6,3,Cade Otton,TE,6.719312000000001,8.600000000000001,1.8806880000000001
0.6,3,Pat Freiermuth,TE,11.387520000000002,5.1,6.287520000000002
0.6,3,Juwan Johnson,TE,13.22758153846154,23.3,10.072418461538462
0.6,3,Michael Mayer,TE,6.138460307692307,12.2,6.061539692307692
0.6,3,Harold Fannin Jr.,TE,6.972856000000001,24.1,17.127144
0.6,3,George Kittle,TE,11.012567272727274,26.200000000000003,15.187432727272729
0.6,3,T.J. Hockenson,TE,7.2950254545454545,3.1,4.195025454545455
0.6,3,Hunter Henry,TE,6.093248,1.5,4.593248
0.6,3,Tucker Kraft,TE,6.532184000000001,6.6,0.06781599999999877
0.6,3,Austin Hooper,TE,4.07056,9.1,5.029439999999999
0.6,3,Kenyon Sadiq,TE,6.099160000000002,23.5,17.40084
0.6,3,Noah Fant,TE,8.10502,19.3,11.194980000000001
0.6,3,Tommy Tremble,TE,4.283776,7.1000000000000005,2.816224000000001
0.6,3,Jake Ferguson,TE,10.684245,9.3,1.384245
0.6,3,Gunnar Helm,TE,5.040596,3.4000000000000004,1.6405959999999995
0.6,3,Johnny Mundt,TE,3.891784000000001,1.4,2.491784000000001
0.6,3,Jonnu Smith,TE,8.539304000000001,3.6,4.939304000000002
0.6,3,Drew Sample,TE,6.157031999999999,1.0,5.157031999999999
0.6,3,John Bates,TE,4.640232,1.9,2.7402320000000002
0.6,3,Sam Roush,TE,2.875032,2.6,0.27503199999999994
0.6,3,Evan Engram,TE,9.92096,0.0,9.92096
0.6,3,Darren Waller,TE,12.361821538461538,10.100000000000001,2.261821538461536
0.6,3,Greg Dulcich,TE,4.561628923076924,10.5,5.938371076923076
0.6,3,Colston Loveland,TE,2.7582320000000005,7.1,4.341767999999999
0.6,3,Brenton Strange,TE,8.1191,6.2,1.9190999999999994
0.6,3,Amon-Ra St. Brown,WR,24.34576346268657,11.9,12.44576346268657
0.6,3,Chris Olave,WR,21.425950285714283,19.700000000000003,1.7259502857142799
0.6,3,Jaxon Smith-Njigba,WR,22.180013090909092,35.36,13.179986909090907
0.6,3,DeVonta Smith,WR,15.640117176470591,12.5,3.140117176470591
0.6,3,Christian Watson,WR,17.70900048979592,22.6,4.890999510204082
0.6,3,Parker Washington,WR,13.139804000000003,13.0,0.13980400000000337
0.6,3,DK Metcalf,WR,6.915524510638297,12.1,5.184475489361702
0.6,3,Tetairoa McMillan,WR,12.69884,3.7,8.998840000000001
0.6,3,Jalen Coker,WR,19.927213333333334,3.8,16.127213333333334
0.6,3,CeeDee Lamb,WR,21.718287255813955,20.200000000000003,1.5182872558139522
0.6,3,Davante Adams,WR,20.71718057142857,20.700000000000003,0.017180571428568214
0.6,3,Tee Higgins,WR,10.92480514285714,21.0,10.07519485714286
0.6,3,Matthew Golden,WR,11.030438857142858,21.0,9.969561142857142
0.6,3,Germie Bernard,WR,7.8239160000000005,2.4000000000000004,5.423916
0.6,3,Devaughn Vele,WR,15.764266769230769,6.9,8.864266769230769
0.6,3,Xavier Hutchinson,WR,7.913312615384616,8.5,0.5866873846153844
0.6,3,Jaylen Waddle,WR,12.438664,6.4,6.038663999999999
0.6,3,George Pickens,WR,8.070230666666665,15.200000000000001,7.129769333333336
0.6,3,Stefon Diggs,WR,15.845293333333338,7.300000000000001,8.545293333333337
0.6,3,Justin Jefferson,WR,12.867712000000001,5.2,7.667712000000001
0.6,3,Terry McLaurin,WR,6.645908571428573,19.7,13.054091428571425
0.6,3,Ja'Marr Chase,WR,15.70318228571428,24.8,9.09681771428572
0.6,3,Garrett Wilson,WR,15.486535428571429,26.700000000000003,11.213464571428574
0.6,3,Michael Wilson,WR,6.427701142857143,25.9,19.472298857142857
0.6,3,Josh Downs,WR,10.357844571428574,12.7,2.3421554285714254
0.6,3,KC Concepcion,WR,8.626219428571428,2.9,5.726219428571428
0.6,3,Malik Washington,WR,7.542350967741936,11.100000000000001,3.557649032258065
0.6,3,Xavier Worthy,WR,11.23405090909091,4.0,7.234050909090911
0.6,3,Kalif Raymond,WR,11.940745090909092,21.0,9.059254909090908
0.6,3,Luther Burden III,WR,8.789190193548388,19.8,11.010809806451613
0.6,3,Jameson Williams,WR,7.9909360000000005,8.9,0.9090639999999999
0.6,3,Khalil Shakir,WR,8.004839999999998,1.6,6.404839999999998
0.6,3,Zay Flowers,WR,18.37944,15.4,2.9794399999999985
0.6,3,Malik Nabers,WR,6.1995720000000025,7.6,1.4004279999999971
0.6,3,Roman Wilson,WR,8.603916,15.0,6.396084
0.6,3,Brian Thomas Jr.,WR,6.793064,1.8,4.993064
0.6,3,Deebo Samuel Sr.,WR,10.987146769230769,15.4,4.412853230769231
0.6,3,Quentin Johnston,WR,4.12452,7.0,2.8754799999999996
0.6,3,Tre Tucker,WR,15.766377379310345,8.3,7.4663773793103445
0.6,3,Emeka Egbuka,WR,12.098017777777777,11.2,0.8980177777777776
0.6,3,Denzel Boston,WR,16.387993517241377,8.100000000000001,8.287993517241375
0.6,3,Rashod Bateman,WR,13.077591724137932,5.7,7.377591724137932
0.6,3,Keenan Allen,WR,5.309882666666668,18.3,12.990117333333334
0.6,3,Ted Hurst III,WR,6.283633333333333,11.0,4.716366666666667
0.6,3,Carnell Tate,WR,6.461286666666666,11.8,5.3387133333333345
0.6,3,Drake London,WR,8.708914086956524,28.400000000000002,19.69108591304348
0.6,3,Rashid Shaheed,WR,4.864424000000001,3.4000000000000004,1.464424000000001
0.6,3,Dontayvion Wicks,WR,15.519052923076924,5.2,10.319052923076924
0.6,3,Ryan Flournoy,WR,7.180210153846154,4.2,2.980210153846154
0.6,3,Malachi Fields,WR,5.697405846153847,3.9000000000000004,1.797405846153847
0.6,4,Jacoby Brissett,QB,19.6864,10.440000000000001,9.246399999999998
0.6,4,Matthew Stafford,QB,22.575599999999998,9.68,12.895599999999998
0.6,4,Jordan Love,QB,18.900106596306074,13.079999999999998,5.820106596306076
0.6,4,Tyler Shough,QB,27.38,15.94,11.44
0.6,4,Bryce Young,QB,19.523840000000003,21.46,1.9361599999999974
0.6,4,Dak Prescott,QB,19.7824,18.099999999999998,1.6824000000000012
0.6,4,Geno Smith,QB,20.693999999999996,8.76,11.933999999999996
0.6,4,Aaron Rodgers,QB,18.5192,21.96,3.4407999999999994
0.6,4,Malik Willis,QB,14.999200000000004,2.5,12.499200000000004
0.6,4,Jared Goff,QB,21.3824,20.48,0.9024000000000001
0.6,4,Deshaun Watson,QB,18.516000000000002,12.920000000000002,5.596
0.6,4,C.J. Stroud,QB,14.145999999999999,23.080000000000002,8.934000000000003
0.6,4,Josh Allen,QB,27.585600000000003,18.520000000000003,9.0656
0.6,4,Joe Burrow,QB,20.9988,23.720000000000002,2.721200000000003
0.6,4,Daniel Jones,QB,13.1432,7.92,5.2232
0.6,4,Bo Nix,QB,18.560000000000002,13.56,5.000000000000002
0.6,4,Kirk Cousins,QB,21.3764,22.6,1.2236000000000011
0.6,4,Justin Herbert,QB,14.060000000000002,9.56,4.500000000000002
0.6,4,Cam Ward,QB,12.9856,15.580000000000002,2.594400000000002
0.6,4,Jalen Hurts,QB,17.2868,13.520000000000001,3.766799999999998
0.6,4,Patrick Mahomes,QB,21.2048,17.0,4.204799999999999
0.6,4,Trevor Lawrence,QB,19.114,13.08,6.034000000000001
0.6,4,Drake Maye,QB,11.698800000000002,26.159999999999997,14.461199999999995
0.6,4,Brock Purdy,QB,23.806,19.619999999999997,4.1860000000000035
0.6,4,Lamar Jackson,QB,20.375200000000003,18.880000000000003,1.4952000000000005
0.6,4,Sam Darnold,QB,18.842000000000002,13.319999999999999,5.522000000000004
0.6,4,Marcus Mariota,QB,15.701999999999998,5.34,10.361999999999998
0.6,4,Michael Penix Jr.,QB,14.27,12.72,1.549999999999999
0.6,4,Jameis Winston,QB,7.0,18.0,11.0
0.6,4,Kyler Murray,QB,8.026,11.48,3.4540000000000006
0.6,4,Tyson Bagent,QB,5.220000000000001,8.82,3.5999999999999996
0.6,4,Jalon Daniels,QB,5.359999999999999,11.42,6.0600000000000005
0.6,4,Jahmyr Gibbs,RB,28.23252529255319,17.7,10.532525292553192
0.6,4,Bijan Robinson,RB,24.804690634146347,27.700000000000003,2.895309365853656
0.6,4,Jonathan Taylor,RB,14.600112000000003,22.700000000000003,8.099888
0.6,4,Kenneth Walker III,RB,19.48362234241731,30.900000000000002,11.416377657582693
0.6,4,Ashton Jeanty,RB,13.329527918757725,18.6,5.270472081242277
0.6,4,Derrick Henry,RB,20.4473174254667,15.9,4.5473174254667
0.6,4,James Cook,RB,17.478570557620817,16.3,1.1785705576208159
0.6,4,D'Andre Swift,RB,14.853124245374874,7.4,7.453124245374873
0.6,4,Aaron Jones,RB,10.844993362281084,16.8,5.955006637718917
0.6,4,Jeremiyah Love,RB,15.954935499033699,6.5,9.454935499033699
0.6,4,Cam Skattebo,RB,11.182763397683399,7.6000000000000005,3.582763397683398
0.6,4,Javonte Williams,RB,15.490440629213483,31.3,15.809559370786518
0.6,4,Kyren Williams,RB,18.592218623746845,36.7,18.107781376253158
0.6,4,Bucky Irving,RB,10.062713233187427,6.1000000000000005,3.9627132331874266
0.6,4,Chuba Hubbard,RB,15.832043276958139,25.9,10.06795672304186
0.6,4,Jaylen Warren,RB,15.428111387298657,15.600000000000001,0.1718886127013448
0.6,4,Christian McCaffrey,RB,18.30600361949501,16.0,2.3060036194950086
0.6,4,Chase Brown,RB,10.069988287473302,19.1,9.030011712526699
0.6,4,Quinshon Judkins,RB,9.366277058823531,21.6,12.23372294117647
0.6,4,Tony Pollard,RB,10.187762041387437,13.0,2.812237958612563
0.6,4,Jacory Croskey-Merritt,RB,7.824490726840856,7.0,0.8244907268408559
0.6,4,Omarion Hampton,RB,9.865842238442823,13.3,3.4341577615571772
0.6,4,Bhayshul Tuten,RB,15.531621990657566,11.1,4.4316219906575665
0.6,4,J.K. Dobbins,RB,6.237869072046109,7.2,0.9621309279538908
0.6,4,Saquon Barkley,RB,8.492372116504853,2.0,6.492372116504853
0.6,4,David Montgomery,RB,10.821926149993413,4.3,6.521926149993413
0.6,4,Ollie Gordon II,RB,10.50682315789474,18.0,7.49317684210526
0.6,4,Alvin Kamara,RB,8.046370666666666,22.8,14.753629333333334
0.6,4,Rhamondre Stevenson,RB,8.782207830985914,18.4,9.617792169014084
0.6,4,TreVeyon Henderson,RB,9.137197142857143,4.2,4.937197142857143
0.6,4,Blake Corum,RB,7.9894387506750695,3.1,4.889438750675069
0.6,4,Kyle Monangai,RB,10.454127360000001,28.0,17.54587264
0.6,4,Emanuel Wilson,RB,4.996357828996284,27.0,22.003642171003715
0.6,4,RJ Harvey,RB,10.170669517241379,19.3,9.129330482758622
0.6,4,Brian Robinson,RB,12.922766666666664,25.7,12.777233333333335
0.6,4,Tyler Allgeier,RB,7.109344,12.9,5.790656
0.6,4,Keaton Mitchell,RB,11.502105831325304,11.3,0.20210583132530324
0.6,4,Woody Marks,RB,11.064932315608921,8.2,2.8649323156089217
0.6,4,MarShawn Lloyd,RB,7.772135076601645,9.9,2.1278649233983558
0.6,4,Kenny Gainwell,RB,5.0702763106796125,10.7,5.629723689320387
0.6,4,George Holani,RB,9.295682846825859,3.0,6.2956828468258585
0.6,4,Kendre Miller,RB,10.070874666666667,1.9000000000000001,8.170874666666666
0.6,4,Braelon Allen,RB,8.541276615384616,8.7,0.15872338461538327
0.6,4,Tyler Goodson,RB,6.540704,1.2000000000000002,5.340704
0.6,4,Kaelon Black,RB,5.398753468354431,1.3,4.098753468354431
0.6,4,Chris Rodriguez Jr.,RB,10.496126666666665,9.5,0.9961266666666653
0.6,4,Kaleb Johnson,RB,4.191920917431193,2.2,1.9919209174311927
0.6,4,Najee Harris,RB,6.481504000000001,3.0,3.481504000000001
0.6,4,Samaje Perine,RB,5.381041506493506,0.7000000000000001,4.681041506493506
0.6,4,Raheim Sanders,RB,10.411112731182797,3.6,6.8111127311827975
0.6,4,Brock Bowers,TE,18.490301538461537,20.6,2.109698461538464
0.6,4,Trey McBride,TE,14.112837833935021,10.1,4.012837833935022
0.6,4,Tyler Warren,TE,10.837628301886793,9.100000000000001,1.737628301886792
0.6,4,Tyler Higbee,TE,12.393913513513514,11.7,0.6939135135135146
0.6,4,Harold Fannin Jr.,TE,13.266502732240438,11.7,1.5665027322404388
0.6,4,Juwan Johnson,TE,16.76163209302326,11.9,4.861632093023259
0.6,4,Isaiah Likely,TE,6.461719760479043,13.600000000000001,7.138280239520959
0.6,4,Tucker Kraft,TE,6.457700592592593,16.5,10.042299407407407
0.6,4,Dalton Schultz,TE,9.948708000000002,2.9,7.048708000000001
0.6,4,AJ Barner,TE,7.948385718120806,2.2,5.748385718120806
0.6,4,Kenyon Sadiq,TE,14.614354400000002,0.0,14.614354400000002
0.6,4,George Kittle,TE,14.100230604026848,17.0,2.899769395973152
0.6,4,Darren Waller,TE,11.46284383561644,6.6,4.86284383561644
0.6,4,Cade Otton,TE,7.655743178082194,7.7,0.044256821917806555
0.6,4,Mark Andrews,TE,5.891736056737588,13.7,7.8082639432624115
0.6,4,Sam LaPorta,TE,9.642815522388059,22.4,12.75718447761194
0.6,4,Pat Freiermuth,TE,7.912952727272726,10.7,2.787047272727273
0.6,4,Dalton Kincaid,TE,10.668407521367522,1.7000000000000002,8.96840752136752
0.6,4,Travis Kelce,TE,13.823931034482758,3.5,10.323931034482758
0.6,4,Mike Gesicki,TE,13.761544347826085,13.0,0.761544347826085
0.6,4,Jake Ferguson,TE,10.413996261682243,4.1,6.313996261682243
0.6,4,T.J. Hockenson,TE,5.114919615384617,24.9,19.785080384615384
0.6,4,Brenton Strange,TE,6.228827474747475,16.5,10.271172525252524
0.6,4,Michael Mayer,TE,10.646761649484537,16.200000000000003,5.553238350515466
0.6,4,Tommy Tremble,TE,7.417767652173913,5.2,2.2177676521739125
0.6,4,Gunnar Helm,TE,4.431687652173913,3.5,0.9316876521739132
0.6,4,Colston Loveland,TE,5.518910511627906,11.7,6.181089488372093
0.6,4,Foster Moreau,TE,8.111050500000001,1.1,7.011050500000001
0.6,4,Darnell Washington,TE,8.985605000000001,11.7,2.714394999999998
0.6,4,Jonnu Smith,TE,7.884059999999999,2.9000000000000004,4.984059999999999
0.6,4,Adam Trautman,TE,3.8752720000000003,0.0,3.8752720000000003
0.6,4,Chig Okonkwo,TE,4.638084,2.5,2.138084
0.6,4,Hunter Henry,TE,4.306051,11.2,6.893948999999999
0.6,4,Austin Hooper,TE,6.9069,1.9,5.0069
0.6,4,Theo Johnson,TE,2.326072,8.1,5.773928
0.6,4,Jaxon Smith-Njigba,WR,27.331943000000003,12.600000000000001,14.731943000000001
0.6,4,Michael Wilson,WR,15.275082000000001,16.5,1.2249179999999988
0.6,4,Chris Olave,WR,18.46160235830619,19.6,1.1383976416938104
0.6,4,Davante Adams,WR,20.65284826523298,7.2,13.45284826523298
0.6,4,Nico Collins,WR,17.968846,30.8,12.831154000000002
0.6,4,Garrett Wilson,WR,18.7340700754717,5.7,13.0340700754717
0.6,4,Matthew Golden,WR,16.270895454545457,11.7,4.570895454545457
0.6,4,Amon-Ra St. Brown,WR,17.042829952755902,15.5,1.542829952755902
0.6,4,Ja'Marr Chase,WR,18.6064208,5.7,12.9064208
0.6,4,Christian Watson,WR,21.302230645161295,7.7,13.602230645161296
0.6,4,Luther Burden III,WR,13.079107081938325,11.4,1.6791070819383247
0.6,4,George Pickens,WR,11.40112766244726,9.5,1.9011276624472604
0.6,4,Malik Washington,WR,8.91303066037736,12.0,3.086969339622639
0.6,4,Josh Downs,WR,10.624585404255319,4.6,6.024585404255319
0.6,4,Puka Nacua,WR,12.737991777777774,27.700000000000003,14.962008222222229
0.6,4,CeeDee Lamb,WR,20.768839456310676,41.3,20.53116054368932
0.6,4,KC Concepcion,WR,5.26558039790576,11.4,6.1344196020942405
0.6,4,Drake London,WR,15.03268293877551,14.600000000000001,0.4326829387755087
0.6,4,Wan'Dale Robinson,WR,11.897947948717949,11.0,0.8979479487179489
0.6,4,Emeka Egbuka,WR,10.702613121693124,3.3,7.402613121693125
0.6,4,Tee Higgins,WR,16.976287957671957,26.700000000000003,9.723712042328046
0.6,4,Carnell Tate,WR,9.167195079365081,21.5,12.332804920634919
0.6,4,Xavier Hutchinson,WR,8.074798380952382,7.6000000000000005,0.47479838095238147
0.6,4,Jaylen Waddle,WR,7.419933593220341,14.5,7.080066406779659
0.6,4,DJ Moore,WR,9.742933186813186,2.7,7.042933186813186
0.6,4,Stefon Diggs,WR,11.664262146892657,8.5,3.164262146892657
0.6,4,Jordan Addison,WR,11.459660705202312,9.100000000000001,2.3596607052023106
0.6,4,Ryan Flournoy,WR,5.450855441860466,7.7,2.249144558139534
0.6,4,Kalif Raymond,WR,17.300086444444442,2.6,14.700086444444443
0.6,4,Parker Washington,WR,13.666795485380115,2.0,11.666795485380115
0.6,4,DK Metcalf,WR,10.609749692307693,16.5,5.890250307692307
0.6,4,Devaughn Vele,WR,11.451336761904763,17.4,5.948663238095236
0.6,4,Mack Hollins,WR,10.751475473053894,8.3,2.4514754730538932
0.6,4,Tetairoa McMillan,WR,9.33429251497006,45.2,35.865707485029944
0.6,4,Zay Flowers,WR,14.415633333333332,25.8,11.384366666666669
0.6,4,Malik Nabers,WR,6.637150000000001,23.200000000000003,16.56285
0.6,4,Roman Wilson,WR,13.094695333333334,16.4,3.3053046666666646
0.6,4,Courtland Sutton,WR,6.907927261744965,1.4,5.507927261744966
0.6,4,Quentin Johnston,WR,5.669242666666666,5.0,0.6692426666666664
0.6,4,Tre Harris,WR,11.06206742857143,9.0,2.0620674285714298
0.6,4,Jakobi Meyers,WR,14.869408,6.300000000000001,8.569408
0.6,4,Mike Evans,WR,12.176413764705885,12.600000000000001,0.4235862352941169
0.6,4,Konata Mumpfield,WR,16.131256941176474,1.7000000000000002,14.431256941176475
0.6,4,Skyy Moore,WR,6.23725062992126,0.8,5.43725062992126
0.6,4,Dontayvion Wicks,WR,9.134724047244097,4.8,4.334724047244097
0.6,4,Rome Odunze,WR,8.829847714285714,15.4,6.570152285714286
0.6,4,Ladd McConkey,WR,12.669448066115702,0.0,12.669448066115702
0.6,4,Jameson Williams,WR,9.989972,16.200000000000003,6.210028000000003
0.6,4,Chris Bell,WR,8.354869327731093,0.0,8.354869327731093
0.6,4,Tre Tucker,WR,13.21187759322034,8.4,4.8118775932203395
