Name,RTE,TPRR,YDS,YPT,XTD
Jack Bech,12,.33,23,5.75,.13
LaJohntay Wester,12,.17,15,7.5,0
Zay Flowers,11,.55,150,25,.04
Antonio Williams,11,.36,64,16,1.13
Konata Mumpfield,10,.1,0,0,.02
Olamide Zaccheaus,9,.11,5,5,0
Xavier Smith,9,0,0,,0
Derius Davis,9,.11,0,0,.14
Troy Franklin,8,.13,0,0,.01
Brenen Thompson,8,0,0,,0
Chris Moore,7,.29,53,26.5,.03
Jared Wayne,7,.14,12,12,.11
Jonathan Mingo,7,.14,10,10,.01
Jaylin Lane,7,.14,4,4,0
Jimmy Horn,7,.14,0,0,0
Josh Cameron,6,.33,20,10,.49
Bo Melton,6,.17,10,10,0
Laquon Treadwell,6,.17,0,0,0
Ashton Dulin,6,.17,0,0,0
Brycen Tremayne,6,0,0,,0
Marvin Mims,6,0,0,,0
Kyle Williams,6,0,0,,0
KaVontae Turpin,5,.2,8,8,.01
Odell Beckham,5,0,0,,0
Cody White,5,.2,0,0,.01
Tez Johnson,5,.2,0,0,.84
Dohnte Meyers,4,.25,18,18,0
Malik Benson,4,.5,6,3,0
Braxton Berrios,4,0,0,,0
Kevin Austin,4,0,0,,0
Isaiah Bond,4,0,0,,0
Zachariah Branch,4,0,0,,0
Chimere Dike,3,.33,7,7,0
Skyy Moore,3,.33,0,0,0
Jacob Cowing,3,0,0,,0
Germie Bernard,3,0,0,,0
Travis Hunter,2,.5,8,8,.01
Chris Blair,2,0,0,,0
Tylan Wallace,2,0,0,,0
Darius Cooper,2,0,0,,0
Colbie Young,2,0,0,,0
Barion Brown,2,0,0,,0
Omar Cooper,1,1,30,30,.01
Dareke Young,1,0,0,,0
Kaden Davis,1,0,0,,0
Jalen Brooks,1,0,0,,0
Kameron Johnson,1,0,0,,0
Arian Smith,1,1,0,0,0
Cyrus Allen,1,0,0,,0
