team,att,cmp,cmp_pct,ypa,pass_yds,pass_td,def_int
Cardinals,572,375,65.6,7.2,4128,31,10
Bengals,534,348,65.2,7.8,4175,33,13
Cowboys,556,381,68.5,8.1,4521,35,6
Broncos,593,343,57.8,6.1,3606,18,10
Rams,589,377,64.0,6.8,3988,26,16
Saints,491,312,63.5,6.8,3336,25,10
Chiefs,509,340,66.8,6.8,3487,18,10
Lions,555,342,61.6,7.3,4027,31,13
Texans,538,319,59.3,6.5,3486,20,19
Bears,533,355,66.6,7.6,4067,32,23
49ers,584,398,68.2,7.0,4110,29,6
Titans,514,354,68.9,8.2,4221,30,6
Chargers,505,307,60.8,6.6,3314,16,19
Jaguars,635,396,62.4,6.2,3933,25,22
Browns,487,308,63.2,6.6,3220,25,11
Buccaneers,568,379,66.7,7.6,4332,30,13
Steelers,613,396,64.6,7.2,4437,30,15
Colts,627,397,63.3,7.1,4462,24,14
Falcons,529,331,62.6,7.1,3773,27,16
Giants,550,358,65.1,7.1,3908,25,9
Panthers,507,336,66.3,7.2,3657,20,15
Raiders,524,359,68.5,7.0,3644,23,8
Patriots,527,350,66.4,6.7,3512,25,10
Eagles,544,309,56.8,6.4,3476,14,12
Bills,464,277,59.7,6.2,2894,19,13
Jets,515,336,65.2,7.5,3849,36,0
Packers,549,360,65.6,6.4,3516,24,7
Vikings,447,279,62.4,6.8,3021,15,8
Seahawks,600,375,62.5,6.0,3619,20,18
Dolphins,515,371,72.0,7.6,3920,29,9
Commanders,540,350,64.8,8.1,4371,33,8
Ravens,625,399,63.8,7.0,4403,23,11
