team,week,opponent,att,cmp,cmp_pct,pass_yds,ypa,pass_td,def_int
49ers,1,Rams,28,17,60.7,168,6.0,0,1
Bears,1,Panthers,38,23,60.5,361,9.5,3,1
Bengals,1,Buccaneers,28,23,82.1,216,7.7,0,0
Bills,1,Texans,38,26,68.4,274,7.2,2,0
Broncos,1,Chiefs,27,15,55.6,184,6.8,2,1
Browns,1,Jaguars,23,18,78.3,245,10.7,4,0
Buccaneers,1,Bengals,35,25,71.4,254,7.3,1,1
Cardinals,1,Chargers,27,17,63.0,209,7.7,1,1
Chargers,1,Cardinals,37,27,73.0,277,7.5,1,0
Chiefs,1,Broncos,28,17,60.7,131,4.7,1,1
Colts,1,Ravens,25,17,68.0,324,13.0,1,0
Commanders,1,Eagles,25,14,56.0,203,8.1,3,0
Cowboys,1,Giants,29,23,79.3,230,7.9,3,0
Dolphins,1,Raiders,30,21,70.0,160,5.3,3,2
Eagles,1,Commanders,34,18,52.9,164,4.8,2,0
Falcons,1,Steelers,41,24,58.5,221,5.4,1,0
Giants,1,Cowboys,34,22,64.7,175,5.1,2,1
Jaguars,1,Browns,22,16,72.7,205,9.3,1,1
Jets,1,Titans,32,19,59.4,140,4.4,1,0
Lions,1,Saints,56,35,62.5,410,7.3,3,2
Packers,1,Vikings,24,15,62.5,151,6.3,3,1
Panthers,1,Bears,29,21,72.4,269,9.3,2,0
Patriots,1,Seahawks,24,17,70.8,200,8.3,1,0
Raiders,1,Dolphins,27,15,55.6,220,8.1,0,1
Rams,1,49ers,34,25,73.5,205,6.0,3,1
Ravens,1,Colts,31,19,61.3,166,5.4,1,1
Saints,1,Lions,39,26,66.7,206,5.3,2,0
Seahawks,1,Patriots,33,23,69.7,178,5.4,1,3
Steelers,1,Falcons,22,12,54.5,143,6.5,1,2
Texans,1,Bills,29,20,69.0,334,11.5,2,0
Titans,1,Jets,24,19,79.2,215,9.0,0,0
Vikings,1,Packers,42,21,50.0,387,9.2,2,1
