position,player,baseline,v3,actual,baseline_abs_error,v3_abs_error,multiplier
QB,Josh Allen,33.7624,33.2541488172043,18.520000000000003,15.242399999999996,14.7341488172043,0.9849462365591398
QB,Patrick Mahomes,25.880799999999997,24.30225475177305,17.0,8.880799999999997,7.302254751773049,0.9390070921985816
QB,Jared Goff,24.6552,24.438926315789473,20.48,4.1752,3.9589263157894727,0.9912280701754386
QB,Dak Prescott,23.895400000000006,24.512055483870974,18.099999999999998,5.795400000000008,6.412055483870976,1.0258064516129033
QB,Brock Purdy,22.401799999999998,23.55583212121212,19.619999999999997,2.7818000000000005,3.9358321212121226,1.0515151515151515
QB,Matthew Stafford,22.0144,22.866570322580646,9.68,12.334399999999999,13.186570322580646,1.038709677419355
QB,Tyler Shough,21.6116,22.882870588235292,15.94,5.6716,6.942870588235293,1.0588235294117647
QB,C.J. Stroud,20.739,19.60778181818182,23.080000000000002,2.341000000000001,3.4722181818181816,0.9454545454545454
QB,Bryce Young,20.583399999999997,21.078926296296295,21.46,0.8766000000000034,0.38107370370370575,1.0240740740740741
QB,Deshaun Watson,18.473000000000003,18.144591111111115,12.920000000000002,5.553000000000001,5.224591111111113,0.9822222222222222
QB,Kirk Cousins,17.597600000000003,17.79987126436782,22.6,5.002399999999998,4.800128735632182,1.0114942528735633
QB,Geno Smith,17.3894,16.795615609756094,8.76,8.629399999999999,8.035615609756094,0.9658536585365853
QB,Cam Ward,17.161,18.762693333333335,15.580000000000002,1.5809999999999995,3.182693333333333,1.0933333333333333
QB,Jalen Hurts,17.0008,16.26563027027027,13.520000000000001,3.4808000000000003,2.7456302702702704,0.9567567567567568
QB,Lamar Jackson,15.4634,14.898071397849462,18.880000000000003,3.4166000000000025,3.981928602150541,0.9634408602150537
QB,Bo Nix,15.0384,15.0384,13.56,1.4783999999999988,1.4783999999999988,1.0
QB,Joe Burrow,14.881399999999998,15.201430107526878,23.720000000000002,8.838600000000005,8.518569892473124,1.021505376344086
QB,Daniel Jones,12.7724,12.909737634408602,7.92,4.852399999999999,4.989737634408602,1.010752688172043
QB,Jordan Love,12.734599999999999,13.817772873563218,13.079999999999998,0.3453999999999997,0.7377728735632196,1.085057471264368
QB,Malik Willis,11.9382,12.526459130434784,2.5,9.4382,10.026459130434784,1.0492753623188407
QB,Aaron Rodgers,10.3506,10.279826666666667,21.96,11.6094,11.680173333333334,0.9931623931623932
QB,Drake Maye,9.905800000000001,10.326046060606062,26.159999999999997,16.254199999999997,15.833953939393934,1.0424242424242425
QB,Justin Herbert,9.8788,10.049544691358024,9.56,0.31879999999999953,0.4895446913580237,1.017283950617284
QB,Trevor Lawrence,9.1986,9.071722758620691,13.08,3.8813999999999993,4.008277241379309,0.9862068965517241
QB,Jacoby Brissett,8.5032,9.17130857142857,10.440000000000001,1.9368000000000016,1.2686914285714312,1.0785714285714285
QB,Marcus Mariota,8.082399999999998,8.840124999999999,5.34,2.742399999999998,3.500124999999999,1.09375
QB,Jameis Winston,6.344800000000001,6.227303703703705,18.0,11.655199999999999,11.772696296296296,0.9814814814814815
RB,Kenneth Walker,27.533225,26.831397696078433,30.900000000000002,3.3667750000000005,4.068602303921569,0.9745098039215686
RB,Jahmyr Gibbs,26.523374999999998,26.669323730158727,17.7,8.823374999999999,8.969323730158727,1.0055026455026455
RB,Jonathan Taylor,23.663024999999998,23.663024999999998,22.700000000000003,0.9630249999999947,0.9630249999999947,1.0
RB,Ashton Jeanty,22.06895,21.571964196850395,18.6,3.4689499999999995,2.9719641968503936,0.9774803149606299
RB,Bijan Robinson,21.608725,21.956759331858404,27.700000000000003,6.091275000000003,5.743240668141599,1.0161061946902654
RB,Derrick Henry,21.072999999999997,21.430324782608693,15.9,5.1729999999999965,5.530324782608693,1.0169565217391305
RB,D'Andre Swift,19.63795,19.875432186046513,7.4,12.23795,12.475432186046513,1.012093023255814
RB,Bucky Irving,17.244625000000003,17.26263143574297,6.1000000000000005,11.144625000000001,11.16263143574297,1.0010441767068272
RB,Christian McCaffrey,16.581500000000002,16.84622219298246,16.0,0.5815000000000019,0.8462221929824594,1.0159649122807017
RB,Chase Brown,16.31555,15.987041619528622,19.1,2.7844499999999996,3.1129583804713796,0.9798653198653199
RB,James Cook,15.690700000000001,15.889331333333335,16.3,0.6092999999999993,0.4106686666666661,1.0126591760299626
RB,Chuba Hubbard,14.831600000000002,15.7248477740113,25.9,11.068399999999997,10.175152225988699,1.060225988700565
RB,Javonte Williams,14.639199999999999,15.13259525925926,31.3,16.660800000000002,16.167404740740743,1.0337037037037038
RB,Kyren Williams,13.966275000000003,14.779829598360656,36.7,22.733725,21.920170401639346,1.0582513661202184
RB,David Montgomery,13.7803,13.584222099502488,4.3,9.4803,9.28422209950249,0.985771144278607
RB,Omarion Hampton,13.516625,13.362488048245615,13.3,0.21662499999999874,0.062488048245613825,0.9885964912280703
RB,Jaylen Warren,12.382924999999998,12.833974538647341,15.600000000000001,3.217075000000003,2.76602546135266,1.036425120772947
RB,Kyle Monangai,12.2695,12.02411,28.0,15.7305,15.97589,0.98
RB,Cam Skattebo,12.04625,12.510253703703706,7.6000000000000005,4.44625,4.910253703703705,1.0385185185185186
RB,Rhamondre Stevenson,11.8567,11.485629203703704,18.4,6.543299999999999,6.914370796296295,0.9687037037037037
RB,TreVeyon Henderson,11.709599999999998,11.091186749999999,4.2,7.509599999999998,6.891186749999998,0.9471875
RB,Bhayshul Tuten,11.631649999999999,11.740212066666667,11.1,0.5316499999999991,0.6402120666666669,1.0093333333333334
RB,Aaron Jones,10.778875000000001,11.175576974885844,16.8,6.021125,5.624423025114156,1.0368036529680364
RB,Quinshon Judkins,10.54395,10.742604130434783,21.6,11.05605,10.857395869565218,1.018840579710145
RB,Alvin Kamara,10.402149999999999,9.838700208333332,22.8,12.397850000000002,12.961299791666669,0.9458333333333333
RB,Jeremiyah Love,10.3225,11.278814367816091,6.5,3.8225,4.778814367816091,1.0926436781609195
RB,Jacory Croskey-Merritt,9.521399999999998,9.787589677419351,7.0,2.521399999999998,2.7875896774193514,1.0279569892473117
RB,Woody Marks,8.556225000000001,8.165231445454546,8.2,0.356225000000002,0.0347685545454528,0.9543030303030302
RB,RJ Harvey,8.350050000000001,8.772191416666667,19.3,10.94995,10.527808583333334,1.0505555555555555
RB,Blake Corum,8.158100000000001,8.17314330496454,3.1,5.058100000000001,5.073143304964541,1.0018439716312058
RB,Tyler Allgeier,8.15135,7.848585571428572,12.9,4.74865,5.051414428571428,0.9628571428571429
RB,Saquon Barkley,7.427325000000001,7.71055366,2.0,5.427325000000001,5.71055366,1.0381333333333334
RB,Tony Pollard,7.3839250000000005,7.898386702614379,13.0,5.6160749999999995,5.101613297385621,1.069673202614379
RB,Tyjae Spears,7.318249999999999,6.884290614035087,1.6,5.718249999999999,5.284290614035086,0.9407017543859649
RB,MarShawn Lloyd,7.309575,7.134352563829787,9.9,2.5904250000000006,2.7656474361702132,0.9760283687943263
RB,Emmett Johnson,7.08025,6.926844583333334,2.0,5.08025,4.926844583333334,0.9783333333333333
RB,Brian Robinson,6.959,6.880333043478261,25.7,18.741,18.819666956521736,0.9886956521739131
RB,Kendre Miller,6.93915,6.8890339166666665,1.9000000000000001,5.039149999999999,4.989033916666666,0.9927777777777778
RB,Kaelon Black,6.373424999999999,6.091105877777777,1.3,5.073424999999999,4.7911058777777775,0.9557037037037037
RB,Emanuel Wilson,6.277774999999999,6.13342888095238,27.0,20.722225,20.86657111904762,0.9770068027210884
RB,Braelon Allen,5.925625,5.897094212962963,8.7,2.774374999999999,2.8029057870370364,0.9951851851851852
WR,Jaxon Smith-Njigba,26.9965,27.683683636363636,12.600000000000001,14.3965,15.083683636363634,1.0254545454545454
WR,Amon-Ra St. Brown,26.392500000000002,25.89984,15.5,10.892500000000002,10.399840000000001,0.9813333333333333
WR,Chris Olave,23.003999999999998,23.58955636363636,19.6,3.4039999999999964,3.989556363636357,1.0254545454545454
WR,CeeDee Lamb,20.136499999999998,20.025946666666666,41.3,21.1635,21.27405333333333,0.9945098039215686
WR,Zay Flowers,19.574,19.574,25.8,6.225999999999999,6.225999999999999,1.0
WR,Christian Watson,18.794,19.516279215686275,7.7,11.094000000000001,11.816279215686276,1.0384313725490195
WR,Davante Adams,18.5645,19.647429166666665,7.2,11.3645,12.447429166666666,1.0583333333333333
WR,Parker Washington,16.8685,16.16876962962963,2.0,14.868500000000001,14.16876962962963,0.9585185185185185
WR,Stefon Diggs,15.045,14.951386666666666,8.5,6.545,6.451386666666666,0.9937777777777778
WR,Devaughn Vele,14.7045,14.361395,17.4,2.695499999999999,3.0386049999999987,0.9766666666666667
WR,Tetairoa McMillan,14.354000000000003,13.959968627450984,45.2,30.846,31.24003137254902,0.9725490196078431
WR,Garrett Wilson,13.847999999999999,14.95584,5.7,8.148,9.25584,1.08
WR,Matthew Golden,13.6065,14.278821176470588,11.7,1.9065000000000012,2.578821176470589,1.0494117647058823
WR,Denzel Boston,13.476999999999999,13.13394909090909,12.9,0.5769999999999982,0.2339490909090891,0.9745454545454545
WR,Kalif Raymond,12.808,12.808,2.6,10.208,10.208,1.0
WR,Tee Higgins,12.637,12.489568333333334,26.700000000000003,14.063000000000002,14.210431666666668,0.9883333333333334
WR,Ja'Marr Chase,12.6035,13.598853333333334,5.7,6.9035,7.898853333333334,1.078974358974359
WR,Tre Tucker,11.867,11.56493090909091,8.4,3.4670000000000005,3.1649309090909092,0.9745454545454545
WR,Jaylen Waddle,11.626000000000001,11.70946871794872,14.5,2.8739999999999988,2.7905312820512798,1.0071794871794872
WR,Dontayvion Wicks,11.5975,11.5975,4.8,6.7975,6.7975,1.0
WR,Ladd McConkey,10.9725,10.9725,0.0,10.9725,10.9725,1.0
WR,Mike Evans,10.867500000000001,11.07036,12.600000000000001,1.7325,1.5296400000000006,1.0186666666666666
WR,DK Metcalf,10.7155,10.241762105263158,16.5,5.7844999999999995,6.258237894736842,0.9557894736842105
WR,Josh Downs,10.618500000000001,11.304618461538464,4.6,6.018500000000001,6.704618461538464,1.0646153846153847
WR,Emeka Egbuka,10.0395,10.635785454545454,3.3,6.7395000000000005,7.335785454545454,1.0593939393939393
WR,Rashod Bateman,9.68,9.318613333333333,6.6000000000000005,3.079999999999999,2.718613333333333,0.9626666666666667
WR,George Pickens,9.588000000000001,10.09936,9.5,0.08800000000000097,0.5993600000000008,1.0533333333333332
WR,Luther Burden,9.5115,10.251283333333333,11.4,1.8885000000000005,1.148716666666667,1.0777777777777777
WR,Malik Washington,9.496000000000002,9.973234871794874,12.0,2.503999999999998,2.0267651282051258,1.0502564102564103
WR,Xavier Worthy,9.4735,8.861366153846154,11.0,1.5265000000000004,2.138633846153846,0.9353846153846154
WR,Ryan Miller,9.009,11.53152,0.0,9.009,11.53152,1.28
WR,Khalil Shakir,8.934,8.51708,13.200000000000001,4.266000000000002,4.682920000000001,0.9533333333333334
WR,KC Concepcion,8.8275,9.6514,11.4,2.5725,1.7485999999999997,1.0933333333333333
WR,Michael Wilson,8.781,10.230990769230772,16.5,7.718999999999999,6.269009230769228,1.1651282051282053
WR,Antonio Williams,8.774,8.890986666666667,5.1,3.6739999999999995,3.790986666666667,1.0133333333333334
WR,Malik Nabers,8.651,8.588890256410256,23.200000000000003,14.549000000000003,14.611109743589747,0.9928205128205129
WR,Xavier Hutchinson,8.5705,8.5705,7.6000000000000005,0.9704999999999986,0.9704999999999986,1.0
WR,DJ Moore,8.463999999999999,10.156799999999999,2.7,5.7639999999999985,7.4567999999999985,1.2
WR,Jameson Williams,8.259,8.130526666666666,16.200000000000003,7.9410000000000025,8.069473333333336,0.9844444444444445
WR,Roman Wilson,8.179,8.179,16.4,8.220999999999998,8.220999999999998,1.0
WR,Carnell Tate,7.8845,8.352791515151514,21.5,13.6155,13.147208484848486,1.0593939393939393
WR,Brian Thomas,7.720000000000001,7.28768,9.7,1.9799999999999986,2.4123199999999994,0.944
TE,Trey McBride,19.6535,19.82025696969697,10.1,9.553500000000001,9.72025696969697,1.0084848484848485
TE,Dalton Schultz,17.871000000000002,16.657938181818185,2.9,14.971000000000002,13.757938181818185,0.9321212121212121
TE,Dalton Kincaid,17.052000000000003,16.142560000000003,1.7000000000000002,15.352000000000004,14.442560000000004,0.9466666666666667
TE,Isaiah Likely,15.944749999999999,15.507050980392156,13.600000000000001,2.3447499999999977,1.907050980392155,0.9725490196078431
TE,Travis Kelce,15.928,14.813039999999999,3.5,12.428,11.313039999999999,0.9299999999999999
TE,Sam LaPorta,12.639500000000002,12.302446666666668,22.4,9.760499999999997,10.09755333333333,0.9733333333333334
TE,Juwan Johnson,10.6925,11.490873333333335,11.9,1.2074999999999996,0.40912666666666553,1.0746666666666667
TE,Mark Andrews,10.57525,10.347475384615386,13.7,3.124749999999999,3.3525246153846133,0.9784615384615385
TE,Tyler Warren,10.546,11.202195555555555,9.100000000000001,1.445999999999998,2.1021955555555536,1.0622222222222222
TE,Pat Freiermuth,10.0275,9.84032,10.7,0.6724999999999994,0.8596799999999991,0.9813333333333334
TE,George Kittle,9.133249999999999,9.606825925925923,17.0,7.8667500000000015,7.393174074074077,1.0518518518518518
TE,T.J. Hockenson,8.3065,8.500318333333333,24.9,16.5935,16.399681666666666,1.0233333333333332
TE,Michael Mayer,8.22925,7.880130303030303,16.200000000000003,7.9707500000000024,8.3198696969697,0.9575757575757575
TE,Jake Ferguson,8.188,8.697475555555556,4.1,4.088000000000001,4.597475555555556,1.0622222222222222
TE,Cade Otton,8.171750000000001,8.241086060606062,7.7,0.471750000000001,0.5410860606060615,1.0084848484848485
TE,Darren Waller,7.92875,9.556786666666667,6.6,1.3287500000000003,2.956786666666668,1.2053333333333334
TE,Mike Gesicki,7.729749999999999,8.65732,13.0,5.270250000000001,4.34268,1.12
TE,Harold Fannin,7.580750000000001,8.288286666666668,11.7,4.119249999999998,3.4117133333333314,1.0933333333333333
TE,Tucker Kraft,7.0432500000000005,7.554537777777778,16.5,9.45675,8.945462222222222,1.0725925925925925
TE,Evan Engram,6.546250000000001,6.668446666666667,1.6,4.946250000000001,5.0684466666666665,1.0186666666666666
TE,Hunter Henry,6.33975,6.2552200000000004,11.2,4.860249999999999,4.944779999999999,0.9866666666666667
TE,Brenton Strange,5.546250000000001,6.0639,16.5,10.95375,10.4361,1.0933333333333333
TE,Gunnar Helm,5.52725,5.600946666666667,3.5,2.0272500000000004,2.100946666666667,1.0133333333333334
TE,Kenyon Sadiq,4.481249999999999,5.568699999999999,0.0,4.481249999999999,5.568699999999999,1.2426666666666666
TE,Cole Kmet,4.3845,4.17989,3.3,1.0845000000000002,0.8798900000000005,0.9533333333333334
TE,Foster Moreau,4.1895,4.58052,1.1,3.0894999999999997,3.48052,1.0933333333333333
TE,Blake Whiteheart,3.9552500000000004,3.9552500000000004,0.0,3.9552500000000004,3.9552500000000004,1.0
TE,Tommy Tremble,3.83875,4.340346666666667,5.2,1.36125,0.8596533333333332,1.1306666666666667
